SMILE,frag_likeliness
CCCc1cccc(C)c1,1
C=CC(C)CCC=C(C)S,1
CCCCCCC1C=CC(=O)C1,1
CC(N)c1cccc(C(C)CC=O)c1,1
CCCCSCCCCCCCC=O,1
CSC(O)c1ccccc1,1
CC(=O)CC(C)CCC=C(C)CCCC(C)O,1
C=C(C)C(C)OCC,1
CCC1CCC(C)O1,1
CC1CNSC1,1
CC(C)C1CCCCC1,1
CC1CCNC1C,1
C=CC(C)CCCCCC,1
O=CC1=CC(O)=CC1,1
CC(C)OC(O)C(C)C,1
CCOC(O)C(S)CC,0
CCC(C)OC1CC=CC=CCC1,1
C=C(C)C1CC(C(C)=O)=CC=N1,1
CCCCNC=CC=O,1
C=CCC1=CC2=C(CCC2)CC1CC,1
CC=C(C)CCC(=O)C(C)CC,1
OC(CCCCc1ccccc1)c1ccccc1,1
COC1CC(C=O)CC=C1OC(C)C(C)C,0
CC(=O)CCSCCCCO,0
CC1CCCC(C)(C)CC1S,1
C=C(C)C1(OC(C)=O)CCCCC1,1
CCC(C)C(C)CCCCCO,1
CCCCCC1C(C)CCC1C,1
CC(CC(C)(O)COC(=O)C1CC1)C1CCCC(C)(C)C1,0
CCCCN=CCO,1
CC(C)CCC(=O)C(C)C,1
CC1CCC2C(C)CCC(C(C)C)C2C1,1
CC(C)SC(S)CC1CCCCC1,1
CCCCCC1CC(O)CC(C)C1C(O)CCC,1
COC1C=CC(C)C1,1
CCC(C)C(C)CC,1
CC1CCC2=C(CCC2C)O1,1
CCCC(O)CCCc1ccccc1,1
CC(C)CC(C)(C)C,1
C=C1CCC(CCCCCC)CC1,1
CC(C)CCCCCC(C)O,1
O=C1CCC2C=CCCC2O1,1
CSC(C)O,1
CC(S)C1CCCCC1,1
CCCNCC1CCCC(=O)O1,0
CCC(C)COc1ccco1,1
CC=CC1=CC(SC)C(CC)C(CC)=C1,1
COCCCCO,1
CCCC(=O)CCC(C)C,1
CCC1C=CCC(O)C1,1
CC(=O)OCC(C)CC(C)C,1
CCCCCCCCCCCCC(C)O,1
C=C1CC(C)CCC1C(C)(C)CC(C)O,1
CCCC(=O)OCCC(C)CCCC(C)S,0
C=C(C)OC(CS)CCC,1
CCC(C)Cc1ccc(CC(C)C)cc1,1
COC1=CC(C)=CCC1,1
CCCC(O)CC(C)CC,1
CC(CC1C=COC=C1)c1ccccc1,1
CC(C)CC(C)S,1
CC=CC1=CC(OC)C(CC(C)O)C=C1,1
C=C(O)C(=CC(C)O)CC(=O)O,0
CCCCC(C)CS,1
C=COC(C)=CCC,1
C=CCCCCCC(O)OC,1
COC1CC=CC=C1C(C)C,1
C1CO1,1
CC1CCC2C(CCCC2(C)C)C1,1
CC1=C(OC(C)O)C(=O)C(C)O1,0
Cc1ccc(C)c2c1CCC(C(C)(C)C)C2,1
CCCCC=C(C)C,1
C=C(O)C(C)CC,1
CNCC(C)Cc1ccccc1,1
CC1=CC=C2C(CCCC2(C)C)C1,1
CCCC1C=CC(O)C(OC)C1,1
C=C(CCCC=CCC)CCc1ccccc1,1
C=C(C)C(C)c1ccccc1,1
CCOCCC1CCCCCCCCCCC1,1
CCCC=CCCN(O)CCCO,0
CCC1C=C(C)CCC1C,1
CC(=O)C(O)CCCC(C)C,1
c1ccccc1,1
CC(C)CCCC(C)COCC(O)Cc1ccccc1,1
OC(=S)CCC1=CC=CCC1,1
CCCCCCCCCSCC,1
CCC(C)C(=O)OCC1=CC=CC1,1
CCc1ccc(C(C)CC)cc1,1
CCCCCSC,1
CC1=CC(C)C=CC1C,1
C=CCCSCC,1
CC(=O)C1=CCC=C1,1
CCCC(=O)CCSC,1
CCCCC1CC=CC=C1C,1
CCCCC(C)(C)C,1
CC=CCOC,1
CC(C)C1CCC(C)(C)C(C(C)O)O1,1
CCC1C=CSC1C,1
CC1=CC(CC(C)C)=CCC1CCC=O,1
C=CCCCC=C,1
CCN(C)CC(C)CCC=C(C)C,1
CC1=CCC(OC(O)CC2C=CCCC2)C=C1,1
CCCCCCCCC(C)CCCC,1
C=C(CCCC)C(C)(C)C,1
CCCCCCCOC,1
CCCCCCCC(O)OCC,1
CCCNCOC(O)C(C)CC,0
CCCCCCCOCCC(C)O,1
CCC(CC(C)C)OC,1
C=C(C=O)C(C)CC(C)(C)O,1
CC(CO)CC1CCC(C(C)C)CO1,1
COCOOCCCC(C)C,0
C1CCCC1,1
CCC(=O)C(C)CC1C(C)=CCCC1(C)C,1
CC(C)(C)CC(N)CCCC=O,1
C=CC(C)CS,1
C=C(CCC)C(C)(C)OC,1
CC1=c2ccccc2=NC1C,1
CCCOCCCO,1
C=CCC(C)C(=O)CCC,1
CC1=CCC=C1,1
CCC(C)c1ccc(C(C)C)cc1,1
CC=CC=CCCC(C)=O,1
CCC(C)CSC(C)O,1
CC(C)CC(O)C(C)C,1
C=C(CC(C)C)OCCC(C)C,1
OCCCC1=CC=CC1,1
CCCCCOCCCCC(C)CC,1
CCC1=CCCC1CC,1
C=CC1=CCC(OC)C(CC)C1,1
CC(O)O,1
C=C(C)C,1
CCCC1=CCC=CC1C,1
CCC=COCCCC(CC)OC,1
CC(C)CC(=O)C1=CCCC=C1N,1
CCCCCCCCOC(C)Cc1ccccc1,1
CC(C)=CCCC(C)CCCC(C)CC(C)C,1
CC(C)C1=CCC(O)C=C1,1
CCC(O)SCOCc1ccccc1,0
CC(C)CCCCC(=O)C1CC=CCC1C,1
CCCCCOC(C)C,1
COc1cccnc1C(C)C,1
CC(C)CC1CC(C)CC(C)C1,1
C=CCNCCO,1
CCCCCCC(C)COC(C)C,1
CCCCCCCCCC(C)C,1
CCCCCCCCCOCCC,1
CC(C)CCCC(C)CCOC(O)C1=C(N)C=CCC1,0
C=CCCOC,1
CCCCC(C)C(C)=O,1
CCCCOSCCC,1
CCCCCCCCN,1
CC1C=CC(C)C(C)C1,1
CCC(C)CCC(C)CC,1
CC(C)C1CCC2CCC(O)COC2C1,1
C=C(C)C(CC)CC=C(C)C,1
C=C(CCC)SC1CCCC1C1CCCC1,1
NC=Cc1ccccc1,1
CCCCCc1ccoc1C,1
COCC(=O)C=O,0
CC1=CSC(C(C)C=O)C=C1,1
CC1CSC(c2cccnc2)C1,1
C=C(CCCCCCOCC)CC(CCCCCCCC)C(C)O,0
CCC1C=CC(C(C)O)CC1,1
CCC(C)C1=CCCCC1OC,1
C=C(C)c1ccccc1N,1
CC1=CC=C(C)OC1,1
CC1CCC(CO)C(C)(C)C1,1
C=C(CC)CC1CC=CCC1,1
C=CCCC(O)CCCCCC,1
CCCCC1CC(C)CC(C)(C)C1,1
CC(CO)CCC(C)C(C)C,1
OCCC(O)C1C=CC=C1,1
CC(=O)C1=NCCO1,0
CC(O)CCC1=CC=CC(C)C1,1
C=C(CCCCC)CCCC(O)CCC,1
OC1=CCCC1,1
CCC(C)C(O)O,1
CC1=C(C)CS2(CCCCC2)C(C)C1,1
CCCCOC(C)CCC(=O)CCCCO,0
CC(=O)C1CCCC1C,1
CC(C)C(C)Sc1ccccc1,1
COC(O)C1(C)CCCCC1,1
CC(Cc1ccccc1)SO,1
CCCC(O)C1C=CCS1,1
CCCCCC(=O)C1C=CC=CC1O,1
COc1ccccc1C(C)C,1
CCC1CC(C)=C(O)C1C,1
CCC(O)(CC)C(C)N,1
CCOC(=O)C1CC2=CC1CC2,1
CCCCCCCC(O)CCCCC,1
CCCCOCCCCC(=O)O,0
CCCC(O)CC(C)N,1
CC=CCSCCC,1
CC(=O)C(C)C(C)C(C)O,1
CCC(C)C(O)CCCC(C)C,1
CC(C)CC(O)C(C)O,1
C=C1CCCCCSCC=CCOCCCC1,1
CC(C)C(O)CCC1=NCC=C1,1
CCCC1=CCC(C(C)C)C=C1,1
C=CCCCC(C)C(C)O,1
CCOC(C)SCCCSC,0
C=CC1(O)CCC(=O)O1,0
CC(=O)OCC1CC=COC1C,0
CCCCSCCCCCC=O,1
CSc1cc(C(C)C)ccc1C,1
CC1CC(=O)C(C)O1,1
CC(C)=CCCC1(C)CCC(C)C1,1
CCCC(CC)CC,1
C=C(OCc1ccccc1)C(C)CC,1
C=CC1(C)CCC(C(C)(C)CCNC(C)C)S1,1
CCCCC(C)OCC(O)CC,1
C=Cc1ccc2c(c1)OCO2,1
CC(O)CC(C)c1ccccc1,1
CC(C)=CCCC(C)CC=CC(C)C,1
CC(C)CCCC(C)CCCC(=S)Cc1ccccc1,1
CCC(CC(C)CCCC(C)C)OC,1
CC1CCC2C(C1)CC(O)C2C,1
CCCCCC(C)CCC(C)CC,1
CCCC(O)C1=CC=CC1,1
C=CCCc1ccccc1,1
CC(C)C1CC=C(CO)CC1,1
C=C(C)C(=O)C(C)C,1
CCCC(O)C(C)C(C)O,1
COCCC1C=CC=C1,1
C=CC1=CCC(C)C(CC(C)C)C1,1
COC(C)CC1C=CCCC1,1
C=CNCC1C=CC(OC)CC1,1
CCC1(CC)CCCCC1CO,1
CCCCCCCCCCCCC(O)O,1
CC(=O)CC1CCC2C3CCC(C3)C12,1
CCCCc1ccccc1,1
CCCC,1
CC(S)C=O,1
C=C(CC)OC(C)(C)C,1
C=C(OCC)C(C)(O)c1ccccc1,1
CCCOCCC,1
CCCCCCOC(C)CCCC,1
CCCCCOCCCCOC(=O)Oc1ccc(C)cn1,0
CCC1=COC(CC)O1,1
Cc1ccc(C(C)C)c(C)n1,1
C=CC(C)(C)C(=O)CC(C)C,1
CCC1OC(OC(C)C)CC1C,1
C=C(C)C1CC(CCCC)CC1O,1
C=CC1(C)CCC(O)C1,1
C=CC(=C)CCCC(C)CC,1
C=C(CC)CCC,1
CCCCC(C)CCCC,1
CCC(Cc1ccccc1)NC,1
C=C(C)C1CCC(C)CC1,1
CCCCOC,1
COC(O)C1OC1c1ccccc1,0
CCCC(C)CCC1C(C)CCCC1(C)C,1
CC1CCC(=O)C1,1
Cc1cccc(C)c1C,1
CC=CC(O)C1C(C)CC=CC1(O)O,0
C=CCC,1
CC(C)C(O)O,1
CC(O)COc1ccccc1,1
CCCCCCCC(C)OO,1
CCCC(C)CC(C)OC,1
CCC(=O)CCCCCCCCCSC,1
CC(C)OCO,1
CCCCCC=N,1
CC(C)CCC(C)OCC(C)C,1
COCCCCCCC=O,1
CC1CCOC1C,1
CC1CC=C2N(CCCC2(C)C)C1,1
CCCCC1CCC2(CCCC2)O1,1
CCCCCN1C(C)CCC1C,1
CCC1=CC(OC)C(O)CC1,1
CCCSOC1C=CC=C1C,1
CCCCCCCCOC(C)O,1
C=CC(CCCCC)Cc1ccccc1,1
COC(C)(C)CC(C)O,1
CCNC(=O)C1=C(CC)C(C)CCC1(C)C,1
CCC(C)CCN,1
CC=Cc1ccc(OC(C)CCC)c(OC)c1,1
CCC(=O)C1=COC=CC1CC(C)C,1
CCCC(=O)CC1=CC=C(C)CC1,1
CCSC(C)(C)C1CCC(C)CC1,1
CCCC1CCC2CC1C2(C)C,1
CCCC(C)CCC(C)(CCC)COC,1
CC(C)C1(C)CCS23CC1C(C)(O)C2CCC3C,1
CC(=O)C1C=CC(C)=CC1C,1
CC(=O)CCCC(C)(C)C,1
CC=C(C)C(O)CCC(C)C,1
CC1OC(C)(O)C(C)CC1(C)C,1
CC1CC(C)CC(C(C)C)C1,1
CCCC(=O)CCCCCCOC,1
CCC1CC=CO1,1
CCC1=CCC(C(C)CC)C=C1,1
CC1CCCC2(C)CCC(C(C)(C)S)CC12,1
CC(C)OC1C(=O)CCC1C,1
CCC(C)=CCCC(C)=CCO,1
CCCOCOC(=O)c1ccccc1,0
CCC(C)C1C=CC=C1,1
CS(=O)C(O)CS,0
CC(C)C(C)OCCC1=CCCCC1,1
CCCc1ncccc1C,1
CCOC(O)C(C)CC(C)C,1
CCCCCC(C)OC,1
CC1OCC(C2=CC3SCOC3C=C2)O1,0
CCC1CC(C(C)NC)CC1C,1
CCCC(CC)CC=O,1
CCCCC(=O)C(C)S,1
CCC(C)CC(O)C=C(C)C,1
CC1CCC(CNc2ccccc2)O1,1
CCCCOCC,1
CCCOC,1
C=C1C(C)OC(CC)C1O,1
CCCC(C)C1C(C=C(C)C)C1(C)C,1
CC(C)CCCCc1ccccc1,1
COC1CC=CO1,1
CC(C)CCSC(N)C(C)C,1
CC1CCCCC1C,1
C=C(CCC)OCC,1
C1=CCC=C1,1
CCOC1CC(C(C)C)C=CC1C,1
CCC=CCCCCCC,1
CC(C)C1CCC(=O)OC1,1
C=C(CCCC=CCC)C(C)O,1
C=CCC(C)C1CCCC(C)(C)C1,1
C=C1CCCC1,1
CC1=NCCC1,1
CC(CO)CCC1CCC(C)C1(C)C,1
CC1CCC(C(C)C(C)(C)C)C(C)C1,1
C1COSC1,1
CCC(=O)NCC(C)(C)CC(C)C1CCCC(C)(C)C1,1
CSCO,1
CC(C)CC1CCCS1,1
CC1CC(C)(C)CC(C)C1O,1
CCCCCOCCS,1
CC(C)CCCC(=O)CCC(C)CCCC(C)C,1
CCC1CCC(OC)C1,1
CC(=CC(=O)O)CCCC(C)C,1
CC(=O)C(C)CC(C)C,1
CC1CCC2C(CC(=O)C2O)C1,1
Cc1cc(CCO)ccn1,1
C=C(O)C(C)CC(C)C,1
CCCCCC1=CC(C)C=C1,1
CC1=CC(C(C)C)C(C)=C1,1
CCCC(CC)OC,1
C=C(O)C1CC=CCC1,1
O=C(O)C=CC(O)O,0
C1COCOC1,1
CCC(C)C(CC)OC(C)=O,1
COCCC(C)CCC(C)=O,1
CCC(C)C(=O)C(O)CC,1
CC1CCC(C(C)C)C(C)C1,1
CCCCC1CCCCC(=O)C1,1
CC(C)C(C)C(C)CCc1ccccc1,1
CCC(O)CCOCCCO,0
CC(C)CC(O)Cc1ccccn1,1
CC(C)CCCC(C)COOC(C)C1=CC=CCC1,1
CC1=CCCC(C)CCC(C)(C)CCC1,1
CCC(C)CCCC(C)CCOC(C)CC,1
CCCCCCCC(O)C(CC)CC,1
CCC(O)CCC(CC)CCNC,1
CCOCCC1=C(C)COC1C,1
CCCCCCCCCCOCCCC,1
CCC=CCCCC(=O)C(C)O,1
CC(=O)C1CC(C)CC1C,1
CCCCCC(C)CCO,1
CC1COC(O)CC1C,1
C=C(C)CCCC(C)CCCC(C)C,1
CCC(O)OCC(C)C,1
CCCCCCC1CC(C)C(C)O1,1
Cc1cccc(Sc2ccccc2)c1,1
C=CCCCCCC(=C)C,1
CCC1CCCC=N1,1
Cc1cc(CC(C)C)c(C)o1,1
OCCCCCCCOCC1=CONC=C1,0
CCCC(C)CCc1ccco1,1
CC1C=CCC1,1
C=CC(CCC)c1ccccc1,1
CC1CCSNC1,1
C=C(CCCCCCC)CCCCCCC,1
CCCCCCCC(=O)Cc1ccccc1,1
O=C(O)CCC(O)O,0
CC1C=C2C(C)(C)CCCC2(C)C1C,1
CC=Cc1ccc(CC(C)OCC)c(CC)c1,1
CCCCCC1C=CCCCCCCCCC1,1
CC1OCC=C1CCCC1CCCC1,1
CCCCCCCC(C)OC(C)C,1
C=CCCCCCC(C)=N,1
CCCC1CCC2CC1C2(C)S,1
COC(C)C(O)CC(C)C,1
CC(C)CC(C)CCC1=CC=C(O)CC1,1
C=C(CO)C1CC=C(C)CS1,1
C=C(C)CCCCCCCC,1
CC(C)CCC(C)C1C=CC=CC1C,1
CCc1cccc(CO)c1O,1
CCC1=CC=C(OC)CO1,1
CCC=CC(C)CCONCCC,1
CC1=CC=C(C(C)CC=O)C1,1
CCCC(C)OC(C)C,1
CC(=O)C=C(C)CCCC(C)C,1
C=C(CC)C1CCC(C)CS1,1
C=CCCOCCCC,1
CC1CCC(C)C1C,1
CCCc1ccc(O)c(CC)c1,1
CC(C)=CCCC1CCCC(C)(C=O)C1,1
CC(=O)C(C)C1=CCCC1,1
CC1CCSC1C,1
CCCCCCCCCCCC(C)COCC,1
CCCOC1OCC(C)O1,0
CC1(C)CCCC1=O,1
CCCCOCCCCCC(C)CC,1
CCCCCCC(CC)CC(O)O,1
CC1OC2(CC1=O)C(C)CC=CC2(C)C,1
CCCC1=CC(c2ccccc2)C=C1,1
CCOc1ccc2c(C)cc(C)cc2c1,1
CCCCCCCOC(O)CCCCC,1
CCCC(C)(O)O,1
COCC1=CC=C(OC)CC1,1
NC1=CC=CC1,1
CSCC(C=O)CC(C)C,1
CCOC(CC)CC,1
CCCC(=O)C(S)CCO,0
CCCC(CCO)OC,1
CC=CC(O)CO,1
C=COCCC1CCCCN1,1
CC(=O)c1ccc(N)cc1,1
CCCC(C)CCOC(O)CCC,1
CC(C)OC(C)CCc1ccccc1,1
C=CC=CCC,1
CC1=C(O)C=CCS1,1
CCCCC(C)C(C)CCC,1
CC(C)NC(O)(CC(O)O)C(=O)O,0
CCCC1CC=CCC1,1
CCCC(C)CC=C(C)C,1
CCC(C)CCCOC,1
CC(=O)CC(C)C1CCC(C)C1(C)C,1
CCC(CC(C)CCC=C(C)C)OC,1
CC1=NC(C(C)C)C=C1,1
CCC1=CC(C(C)(C)C)C(OC)C=C1,1
CC(=O)OC1=C(C(C)C)CC=C(C)C1,1
CC1=CCCC(C)(S)CC1C,1
Cc1ccc(C(C)CCCC(C)C)cc1,1
CC(=S)C=O,1
CCC=CCCCC(CC)CC,1
CCCCC1C2CCC(C2)C1C,1
CC1CCC(C)(C(C)C)N1,1
CC=CCOCC,1
CC(C)C(=O)CCCCc1ccccc1,1
CC1CC(C)C(C)C(C(C)O)C1,1
CCCCCCC(N)CCCc1ccccc1,1
CCCCCC(CC)OC(C)C,1
OCOCCC1CCCCN1,0
CC1(C)C2CCC(C=O)C1C2,1
CC1CCCC1O,1
CCC(O)C(CC)CC,1
C=C(CCCC)NCC,1
Cc1ccc(CN)cc1,1
CCCCCC(O)CC(C)C,1
C=CC(=C)CCC,1
C=CCCOCS,1
CC=CCCCCC(C)=O,1
CC(N)CS,1
CCC(O)CCC1C(C)SOCC1(C)C,0
CC1CC2C(CC3=COC=CN32)C(C)O1,0
CCC(C)C1=CC(C)CC=C1C,1
C=C(C)C1=CC=CC2CCCCC12,1
CCCCCCCC(C)C(C)C,1
CCCc1ccccc1,1
C=C=CCCC1C=CCC=C1,1
CCCC=CC(C)CC,1
CCC(C)C1C=CCCC1,1
C=CC(C)CCCC(C)COC(C)C,1
C=CCCSCC(O)C(C)(C)C,1
CCCCCC(C)C(C)C,1
C=CCC(CC)c1ccccn1,1
CC(=N)Cc1ccccc1C,1
CCC(C)(O)OC,1
NCCCS,1
CCCCCCCCC(C)CCCc1ccccc1,1
CCC(C)C(O)CCC1CCCO1,1
CCCCCCCCCC(C)CC,1
OC1CCC2=C1OCCC2,1
C1CCSCC1,1
CC=CCCC(CCC)CCC,1
CC1CCCC1C1CCCC1,1
C=C(COC)c1ccccc1,1
CCCCCCOC(O)C(C)CC,1
CCCCSNSCC,0
C=C(CCCCCCC)OC(C)C,1
CCCCCCC1=C(C)CC(C)O1,1
CCCC(O)CC(O)CC,1
CC1CC(C)CC(C=O)C1,1
OC(OCCC1C=CC=CC1)C1=CCC=CN1,0
CC(C)CCC(O)C(C)O,1
CCC1C=NC=CC1CCCCOC,1
CC(=O)OCCC(C)(C)O,0
CC(C)C1C=CN(C(C)(C)C)C=C1,1
CC(O)C(=O)Cc1ccccc1,1
CC(O)C(C)CO,1
CCC(O)C(C)C,1
CCC1CC2CC1OC2CC,1
CCCCCCCCC,1
CC(=O)CC(C)c1ccccc1,1
CCC1NC(C)C(O)C1C,1
C1=CCCCC1,1
CCc1cc(C)co1,1
CCCCCCCC(O)CCCc1ccccc1,1
C=CCCC(O)OCC,1
CC1C=CCC(C)N1C,1
CCC1=C(O)C=CCC1,1
CCC(C)c1cccs1,1
C=C(CC)CCCOc1ccccc1,1
CCCC=C1CC2C(CC1O)C2(C)C,1
CCC1CCCC(C)(C)S12COC(C)C2,1
CC1CC=CC1(C)SC1=CCCC1O,1
CSc1c[nH]cc1C,1
CC1CCCCO1,1
C=C(CC)CC(O)C=C(C)C,1
CC=Cc1ccc(O)c(OC)c1CC,1
CC(C)CC1C=CC=NC1C,1
C=C(CC)CC,1
CC1CC=COC1,1
CC(C)C1CCC(C)(C)CC1,1
CNC=CCCCC(C)=O,1
CCOC1C=CC(C=O)C=C1,1
CCC=CCOC(=O)CCC,1
CCc1ccc(C)cc1,1
CC1C=CCO1,1
NCOCCCO,0
CC(C)CCCC(OCCC(C)C)C(C)C,1
CCC(=O)C1CCCN1,1
CC(C)=CCC(C)(C)C(C)C(C)C,1
CC(C)CCCC(N)CC(C)C,1
CC(C)C(C)C(=O)O,1
C=C1CC(C)CCC(C(C)C)C1,1
C=CC1CC(CC)C(O)C(OC)C1,1
CC1CCC2C=C1C2(C)C,1
CCCCCCCOC(C)CC(C)C,1
CCCC(C)CC1C(C)CCC1C,1
CC(O)COC(C)C,1
COC(C)CCC1=CCC(C)C=C1,1
CC1C=CC(C(C)C)C(C)C1,1
CCCCC(C)CC(C)C,1
CC(C)OC(C)(C)C,1
CCCCCCCCCC1CCCC(=O)C1,1
CNC1=CCC(CCC(C)C)=CS1,1
CC(C)CC(C)(C)c1ccccc1,1
CC1C=CC(C(C)(C)C)C(O)C1,1
CCCC(C)CC(C)CCCC(C)C,1
CC(C)=CCCC(C)CCCC=O,1
CCCC(C)OCC1C=CCC1,1
C=C(CCC)C(Cc1ccccc1)C(C)=O,1
CC(C)=CCCC(C)CC(C)OC(C)O,1
CCC1=CC=C(C(O)CC)CO1,1
CCCCCC(C)OC(C)OCC,1
CC1=C(C)CC(C)C(C)C1,1
CC1=COC=C(C)C1,1
C=C(CCC)C(=O)CC(C)CC,1
CC1C(C)(C)CCCC1(C)C,1
CCCC(O)CCCC(C)CCCCS,1
CCCCC(=O)c1ccccc1N,1
CCC1=CC=CC1C(C)=O,1
C=C(C)OCCCCCC=CCC,1
CC(O)C1CCC(O)=CO1,0
COCC1C=CC=C1,1
CC=CC(=O)C(C)C(C)C(C)C,1
CCC(O)C(C)(C)C,1
C=C(CCCCC)CCC(C)C,1
CCCC(C)CC,1
CCc1ccc(C)c(CC)c1,1
CC(C)C1CCC(C(C)O)OC1,1
C=C(C)C=CCC(C)C,1
CCCCCCCCC(=O)CCc1ccccc1,1
CCC1=C(S)CCC=C1,1
CC=CC(O)OCCC,1
CC=CC(=O)CCC=C(C)CCCC(C)C,1
CCC1=C(CC(O)C(C)C)CC=C(C=O)C1,1
CC=CCCCCCO,1
CSC(=O)C1C=CCC1,1
CCC(N)S,1
CCc1ccoc1,1
CCCC(C)c1ccc(C(C)(C)C)cc1,1
C=C(C)CC(C)O,1
CCCC(=O)CCCCc1ccccn1,1
COC(C)C1=COC2CCC=CC2C1,1
CC1=CC2C3CCC(C3)C2CC1C,1
O=C1CCC2CCCCC2C1,1
CC(C)OCC(C)c1ccccc1,1
CCCCC(C)C=Cc1ccccc1,1
CCCCCC1CCCC1,1
CCC1=NC(C=O)=CC1,1
CCC(C)CNCC(C)(C)O,1
CC(=O)CCC(C)CCC(C)C,1
C=C(CCC)OCCC(C)CCC=C(C)C,1
C=C(C)C1CCC(C)(S)C(C)C1,1
COC1=CCC=CC1C1=CCCC=C1,1
CCCCCCOC(C)C(C)C,1
C=C(O)CCCCCCCCC,1
C=CC(CCCCC)CC(C)CC,1
C=C(C)CC(O)C(O)O,0
CCCCC(CC)C(C)C,1
C=C(C)C1C2CC(C(=O)OC)C(C)(C2)C1C,1
CCCC(=O)C1=CC=C(C)C(SC)C1,1
CCCCC1CC(C)CO1,1
CC=CC(=O)CC(C)C1=CCCCC1,1
CC1=CC(O)C(C(C)C)=CO1,1
CCC(C)CC(C)O,1
CCCCCC(C)CC=O,1
CC(C)CC1C=COC1C,1
CC1=C(CCC2=CCC=C2)CC=CO1,1
CCCCCC1OC1CO,1
CCC(C)C(O)CC,1
CC1=CC2CCCC=C2CC1C,1
CC(C)C1C=CC=CO1,1
CCC(C)CCC(C)=O,1
C=CC(C)CCC(C)(C)C(NC)C(C)C,1
CCC(=O)C1=CCCC=C1NCC1CCC(CCCC(C)(C)O)CC1,0
CC1=CC(C)=C(C(C)C)CC1,1
CC(C=O)C(C)CC(C)(C)O,1
Cc1ccn(C)c1,1
CCC(C)CCC(=O)C1=CC=CCC1C,1
CC(=O)C(C)OCC(C)C,1
C=CCC(C)CC,1
CC(C)CCC(C)(C)C(C)C(C)C,1
CC(=O)C1(C)CCC(C)CC1,1
CCC=CCCN,1
CCC(C)C1CCCCC1CCC1CCC(C)CC1C,1
CCC(C1=CC=CCC1)C(C)C,1
CCCCCCCCCCC(O)CCC,1
C=CC(CC)CCCCC,1
CC1=CC(OC=O)C(C(C)C)CC1,1
C=C(C)C1C(C)CC(C)C1C,1
CCC1C=COC=C1,1
C=CC(CC)c1ccc(C)o1,1
CC(c1ccccc1)C1C=C2CC=CC=C2CC1,1
CC(C)C1OC(C)C2C=CC=CC21,1
OC(CCc1ccccc1)C1C=CCC1,1
CC(C)CCCC(C)CCNC(N)C(C)C,1
COSC(=O)CC(C)C,0
CCOC(C)CC(C)O,1
CCCCCC1CCCC(CCC)C1,1
CC=CCCC(O)C(C)CCC,1
CCSCC1=CC=CC1,1
C=CC(C)(CCC=C(C)CC)OC(C)C,1
CCCCC(CO)OC,1
CC(CCc1ccccc1)CCc1ccccc1,1
CC(C)C1=CC=CC(C(C)C)C1O,1
CCC=CCCC(C)C,1
C=CC(=C)CCCC(C)CCCC(C)CC,1
CCCCC=CCC(O)C(C)CCC,1
CC(=O)C1C=CC2=CC=CCC21,1
CCCCCC1CC1C(C)O,1
C1=c2ccccc2=CC1,1
CC(C)C1=c2ccccc2=CC1,1
CC(C)CC(=O)CCCC(C)(C)N,1
COC1C=C(C(C)C)C=CC1O,1
CCCC(C)CCCC(C)=O,1
CCCCCCC(CCCCC)CCCCC,1
SC1=CCC=C1,1
CCCCCCCC,1
CCC1CC=CN=C1C(C)C,1
CCCN(C)C(C)CCC(C)C,1
CCCC(CC)CCC,1
C=C(CC)C(C)CC,1
CC1=CC(O)CC(C)(S)C1(S)CCNO,0
CCC=CC(=O)CCC,1
CCC1C=CC(C)O1,1
O=C(Cc1ccccc1)OCC1=CCC=C1,1
CC1CCC(C(C)C)C2(CCC(C)C2)C1,1
O=CCO,1
CCCC(C=O)CC,1
CC(C)=CCCC(C)CCCCCO,1
CC1=CCC=CC1C,1
CC1=CC(C=CC=O)CC1,1
COC1C=C(C(O)O)C=CC1C,0
COCSCOC,0
CCC1C(C)CCCC1(C)C,1
CCC1CC(C=O)=COO1,0
CCC(C)COC(C)O,1
OCS,1
CC(O)C1=CCCC1,1
OCCC(O)O,0
C=C(CCCCO)OCCC,1
CC1=CC2CC=CC=C2O1,1
CCOC(C)C1C=CCO1,1
CC(C)=CCN,1
Cc1cccc(Cc2ccccc2)c1,1
CCCCCCCCC1CCC(C)C1,1
CCC(O)C(C)=CC1(C)CC2CCC1C2,1
CC1COC(C)C1,1
CCC(c1ccccc1)C1CC=CCC1,1
CCCC(=O)C(C)(C)C,1
CCC=CC1CC1CCC,1
CC(C)CC(C)Cc1ccccc1,1
O=C(CCC=CC1C=CC=CC1)c1ccccc1,1
CC(C)(C)C1C=CC(CO)=CC1,1
CC(C)=C1CCC(C)CC1,1
CC(=O)CC1(C(C)C)CC=CCC1,1
CCC1C=CCC1CC(C)C,1
CCCC(C)C(C)CCOC,1
CCC(C)CC(C)COC,1
CC1CC=C(C(C)C)CC1,1
C=C(CCCCC)CCCCCCC,1
O=C1CCCCC1O,1
CC(C)CC1CCCC(C)(C)C1,1
CCCOC(CCC)CCCNC,1
CCC(C)C(C)OC(C)C,1
CCCCC(C)C(O)=S,1
CCCC(=O)C=C(C)C,1
CC1=CC(C(C)C)SC1,1
CSC1=C(C(C)(C)C)CC(C(=O)O)C(C)C1C(C)O,0
CC=CC=CCCC(=O)O,1
CCCC(O)OC1C=C2CCC1(C)C2(C)C,1
C=C(C)C1OC=CC1C,1
CCNCCCCCCC(C)CC(C)C,1
CC1=C(O)C=CCC1,1
CCNCCCCCCO,1
CCCCCC(=O)CCCC(C)C,1
CC1CC(C)NC(OO)C1,0
CCC(C)OCCC(C)CCCC(C)C,1
CCNCC1CC(C)CC(C)O1,1
CC1=CC(O)CC(C)(C)C1(C)C=CC(O)O,0
COC(O)C1CCCC1,1
CC(C)CC(C)CNC1C(C)CCCC1(C)C,1
CC(C)=CCCC(C)(C)C1CS1,1
CC(C)C(C)C(C)(C)C,1
CCCCCCNC(C)CCC1=CC=CCC1,1
CC(O)c1ccccc1O,1
C=CCCSOOC,0
CCC(O)C(CC)CC(C)=O,1
C=C(CC(C)C)CC(C)S,1
CC(C)COCC(C)c1ccccc1,1
CCCCCCCCSCC(O)OC,0
CC1CCC(C(C)(C)C)OC1,1
CCC1=C(C)N=CC(C)C1,1
C=C(O)C1NC1CCCCC,1
C=C1CCC(C)C1CCCCC,1
C=C(C=CCC)OCCCCCC,1
CC1=CC=CC(C)C1,1
CCC1C=CC(O)O1,1
C=CC(C)(C)CCC1C(C)(O)CC=C2C(C)(C)C=CCC21C,0
CC(C)CCCC(C)CCC(C)C,1
COc1cc(C2CC(C)C(C)O2)ccc1O,0
CC=CC(=O)CC1CCCCC1,1
COC(C)(C)CC(C)C,1
CC1OC(C)C(C)C1=O,1
CCCCC1CC=C(CC)N1,1
C=C(C)OC1C(=O)CCC1C,1
CC1(C)CCCC2(C)C(C)(C)C3CCC12C3,1
CCCC(=O)C1CCCCC1CC,1
CC1CCCCC1C1CCCCC1,1
CC=CC(C)CCCC,1
CC(C)CC(C)OCCCCOCO,0
C=C(C)C(C)CO,1
CCCCCCCCCCCC(C)C1=C(N)CC=CC1,1
CC1=C(C(O)CCCCc2ccccc2)CCC=C1,1
CCCCCCCCC(CCC)CCC,1
CCCC1OC=CC=C1C,1
CCC1CCC(C=C(C)CCNC(C)C)C1,1
CCCC1=C(C)CCC1,1
CCCCCC(C)OCCCC,1
CCc1coc(C)c1,1
C=CCCCC(C)C(=O)O,1
C=C(CCC)CCCCCC,1
CCCC(C)CC(=CC(C)=O)C(C)C,1
CCC(C)=CCCC(C)CCO,1
C=CCOC(C)CC,1
CCCCCCOC(=O)O,0
COC(=O)C1CC1c1ccc(C)cc1,1
CCCOCCCCCCC=CCO,1
CC1=CCC2C3CC(C2C1)C1(C3)CC1C,1
CCCCCc1ccccc1,1
CCOC(=O)C(CC1=CC=CCC1)C(C)C,1
CC1CCC2CCC(C)C2C1,1
CCC1=COC(CC)CC1,1
OCCC1CCC=C1S,1
CCCC1CCCC1,1
C1=Cc2ccccc2C1,1
C=C1CCC2C=CCCC2C1,1
CCC1OCC(=O)C1S,0
CC1=C(C)CCC=C1,1
CCC1=CCC(C)=C1,1
c1ccc(CCCc2ccccc2)cc1,1
CCCCCCCC(=O)CCCCC,1
CCC1(CC)CCCC1,1
CCC(C)CC(C)SC,1
CCCC(=O)OC1C=CC=CC1,1
CCC1=NC=C(C)CC1C,1
CCCCC1CC(C(C)C)C(=O)O1,1
Cc1ncoc1CCCC(C)C,1
CCCC(O)CC(C)C,1
CC1=CC=CC1C,1
CCSCNC1CCCCC1C(C)CC,1
C=C(CCO)C(=CC)OCC,1
C=C(C)CCC(C)C,1
CSCC1=CC=CC1,1
C=COC(C)C,1
CCC=CCCCCCOC(C)O,1
C=C(CC)CCCc1ccccc1,1
CC1(C)C=COCC1,1
CCCC1C=C(OC)C(O)C(OC)C1,0
CCC(O)CC1C=CC(C(C)(C)C)CC1,1
CCCC(C)C(S)OC,1
CCCCCCC1CCCC1C,1
CC1=CCC=CC1O,1
C=C(CC)OC(C)c1ccccc1,1
COC1=CC=C(C)ON1C,0
Cc1ccc(CC(=O)C(C)C)cc1,1
CCCC(C)CCc1ccc(OC)cc1,1
COC(O)CO,0
CCNC(C)OC=O,0
CCCCCC(CCCC)OCCCC,1
Cc1cc(CC(C)C)oc1C,1
CCC1CC(C)CCC1C,1
CC(O)CCOCCOO,0
CC(C)CCCC=O,1
C=CC(=CC)CCC,1
CCC1C=C(CC=N)C=CC1O,1
CCC(C)CC1(C)CCCCC1(C)C,1
CC1=C(CC(C)C)CC(C)C1,1
CC1CC2C3CCC(C3)C2CC1C,1
CCCCCCCCCCC(C(C)O)C(C)OCC,1
COC(=O)C1CCCC1,1
CCCC(=O)C1C(C)OCCC1(C)C,1
C=C1C=C(C)OC1,1
CCC(C)CC(C)(C)C1CCC(C)CC1,1
CCCCCCC(CC)CO,1
CC=Cc1ccc(OCO)c(OC)c1,0
CCC1=CCCC(O)=C1,1
CCCCCC(C)CCC(C)=O,1
CCCCCCCCC1CCCC1=O,1
CC(C)(C)CCOCO,1
CC=COO,1
CCCC(=O)C(CO)CCC,1
CCC=CCCCC=CC=O,1
CC(=O)C=CC1C=C(C)CC(C)C1C,1
CC(C)C=CN,1
CCCCCCCCCC(=O)CC,1
CC(C)C1CCC(CCCO)CC1,1
CC(=O)C1CCCCO1,1
CC(C)CCC1(C)CCCCCC1,1
CC(O)c1ccco1,1
CCCC(C)SCC,1
C=C(C)CC,1
CCCCCCCCC(=O)CC,1
CCC(C)CCCC(C)CCCC(C)C,1
CC1CC2CC1(C)CC2(C)C,1
CC(=O)C=CC1C(C)CCCC1(C)C,1
CCCCCCCCCCCCCCCCN,1
C=C(CC(C)NC)OC,1
COCSCCCC(=O)CCCC1C=COC1C,0
CCCC1CC(C)=CC(O)C1,1
CCCCCCCCCCCC(O)CCCCCCC,1
C=CCCCCCCC(=O)S,1
CC1CCCCCCC=CCCCCCCC1C,1
O=C(CCO)OCCCc1ccccc1,0
C=CCCCCC=CO,1
CCC(C)C(C)C(C)COC,1
CCC(CC)CC1=CCCC=C1,1
C=C(CCC)C(CC)CC(C)C,1
CCCCCCC1=CCC=CS1,1
CC1=CCCC=N1,1
C=C(C)COCC,1
C=C(C)CCCC(C)CCC,1
CCCCCC1CCCC(C)C1,1
C=CCCC(=O)C(C)CC,1
CCCC(C)NCC,1
CCNC,1
CCCCC1OC(O)CC1C,1
CCCCCCCC(C)C,1
Cc1ccc(CC(C)C)o1,1
CC(=O)CCCC1=CCC=CO1,1
Cc1occc1OC(C)O,0
CCCCCCC(=O)CCC1=CCC=C1,1
C=C(CCC)CCC,1
CCCC=CCC(C)C,1
C=CC1C(C)CCCC1(C)C,1
CCC(C)C1=CC=CCC1,1
C=C(CC(C)C)C(=O)O,1
CCCC1=CSC=CO1,1
CCC=Cc1ccccc1,1
CSCC(SCO)C1C=CC2CCCC2=C1,0
CCCC=CCCCC,1
C=CC(=O)C(C)CC(C)(C)C,1
CC=C(C)C(C)CCC(C)CC,1
CCCC(O)C(=O)C(C)CO,0
CC1=CC(C)CC(C)C1C,1
C=CC1(C)CCC(C(C)(C)O)C1,1
CCc1ccc(C2CC=C(C)O2)nc1,1
CCCCCOC(O)C1OC=CC=C1C,0
CC(=O)CCCCCOCC(C)O,0
CCCCCC(CC)CC,1
CC(C)C1CCC(C)C23CCC(C)C2C13,1
CCCCCC(C)CC(C)=O,1
C=C=NCCCC,1
CC(O)CCCCCC(C)O,1
CC(C)OCC(CO)OC(C)C,0
CCCCCCCC(=O)C1=CCC(CC)C=C1,1
C=CCC1C=CC(O)C=C1,1
CCCCC(CCC(C)C)CCC(C)C,1
CCCCCOOCOCC,0
C=C(C)C=Cc1ccccc1,1
C=C(CC)CCC1CCCC1,1
C=CC(=C)CCCC(C)(C)C,1
CCCC(C)CCCCC1CCCCC1,1
CCCC(CCC)CCS,1
CCCCC1=CC(C)C(C)O1,1
CCC1C=CC(CS)=CN1,1
CCC1CCC(OO)C1,1
CCC1NC=CCC1OC,1
CCC1=CC=CCC1C=O,1
CCCC(=O)CCCC(C)CCCC(C)C,1
CCCc1ccc(C)c(OC)c1,1
CC=CCCC,1
CCC(C)C1=CCC(C)CC1,1
CC1C=CC=CC1C=O,1
CCCC(CCC)c1ccccc1,1
c1ccc(Cc2ccncc2)cc1,1
C=CC1CC(C)CCC1C,1
CC(C)C(=O)CO,1
CC(=CCCC(C)Cc1ccccc1)CCCC(C)C,1
CCCCCCOCCCCCC(C)O,1
OC1=CC=CCC1O,1
CCOC(=O)C1=C(O)C=CCC1,0
CCCCC1CCOS1,1
CC1=CCC2C(C1)OC(C)C2C,1
CC1=C(O)C(C)CC(C)(C)C1,1
CC1=CC(O)C(C(O)CCS)CC1,0
CC1=C(C(=O)OC2CCCCC2)C=COC1,0
CSC(O)CC(C)O,0
CCCC(CCC)C(C)C,1
CC1=S(CCO)C=CO1,0
CCCC(O)C(C)Cc1ccccc1,1
CCCCCCCCCCCC(=O)CC(C)C,1
CC1CC(C(C)C)CC(C)S1,1
CC1C=CC=CC1,1
CCC(C)c1ccc(C)c(C)c1C,1
CCSCCC(C)C,1
CCCC(=O)OC1(C)CC(C)CO1,0
CSCCC1CCC(C)O1,1
CC(C)CCCC(C)CCC(C)CO,1
C=C1CCC2CCC(C)CC2C1,1
CCC(O)C1OC(C)C(O)C1O,0
CC(C)C1CC(=O)CO1,1
CCNCC(C)(C)C,1
CC(C)CC(O)CCc1ccccc1,1
CCCCCCCCC(O)C=O,1
COC(C)C1CCCC=C1CC(C)O,1
CCCC1C=CC=C1,1
CC(C)CC1CCCC(C)C1,1
C=CCOC(O)C(C)C,1
CCC(C)C(O)Cc1ccccc1,1
CC=C(C)C(O)CC,1
c1ccc(CCCC2CCCC2)cc1,1
CC1CCC2(C1)C(C)CCCC2(C)C,1
CCCCOCCC(O)C1=CCC=C1,1
CC(=O)C(C)C(C)O,1
O=C(CCC1=CC=CCC1)OCCCc1ccccc1,1
CCCCCC1CCCC(C)N1,1
CCC(CC)CCC1CC=C(C)C1(C)O,1
COC1CC=CCC1,1
CCCCCCCCCC(O)CC(CCCCCOCO)C(C)C,0
CCC1C=CC(O)=CC1,1
CC(C)CC(C)(C)O,1
CC(CN(C)O)c1ccccc1,1
CC(C)OC(=O)CC1CCCCC1,1
CC1=NC(CC(C)C)CCC1O,1
C=CC(C)(C)CC(C)=O,1
CCCC(C)C(C)C,1
CCC(=O)CC(C)C,1
CC(C)CCCC(C)CCNC(O)CC(C)C,1
CC1CCC(C(C)c2ccccc2)O1,1
CCCC1CC=CO1,1
CC(C)CCC1=CONC=C1,1
CCCCCCCC(C)CC(C)C,1
CCC=C(C)C(C)CCC,1
CCCCC(C)CCC,1
CCCCC1CCC(CC)C1,1
CCCC(CCC)CNC,1
OCC1=CCC=N1,1
CC(=O)C1C(C)OC(C)C1C,1
CCCCCCCCCC(C)OCC,1
CCCCCCOCCC(C)CC(C)C,1
CCC(=O)CC1(C)CCCCC1(C)C,1
CCCN1C=CC(OC)=CO1,0
CCCC(=O)CC(C)CCC,1
CCC1=CC(C)C(C)O1,1
C=Cc1ccc(C)cc1,1
OCN1C=CC2=C(C1)OCC2,0
CNC1C=CC=CC1C,1
CCCCCCC1CCC(C)N1,1
C=CCCCCCC(=O)CCC,1
C=CCCC(=O)C(C)=O,1
CC(C)CCCCC1C=CC=CC1,1
CCCC(C)CCC1=CC=CCC1,1
C=C(C)C1CCC(C)CC1C,1
CCC(C)(C)C,1
COc1cc(C(C)O)ccc1O,0
CCCCCN(CC)OC,1
CC1CC(S)CO1,1
CC1CCCC(C)(C)C1CC=O,1
COC1C=CC(C=O)C(O)C1,0
CCCCCC(=O)CCCC,1
CC1=CC(N)C(C(C)S)S1,0
COC(C)C1CCCC1,1
CCCCCCCc1ccccc1,1
COC(C)CCCc1ccccc1,1
CCCCCC1CCC(=O)C1,1
C=C(CCCCCCCOCCCCCC)OC,1
CC1=CC(C=O)CC=C1,1
CCC(=O)C(O)O,0
CCCC(C)CCCC(C)C,1
CCc1cc(C)cnc1C,1
CCCC(C)(C)c1ccccc1,1
C=C(O)C(O)Cc1ccccc1,1
CCCCCCC(C)CC(C)=O,1
CCCCC1N=CC(C)CC1C,1
CCOC(=O)OCSc1ccccc1,0
CCCCSCC=C=O,1
CCC(=O)C(C)CC1C(C)=CCOC1(C)C,1
CCCOC(=O)CCCc1ccccc1,1
COCCCCc1ccco1,1
CCC(C)C1N=CCO1,1
CCCCC(=O)CCC(C)CC,1
CC(S)CC(=O)CCc1ccccc1,1
CCC=CCCCC(O)C(CC)CC,1
CCCCC(O)O,1
C=C(CC(C)S)CC(C)(C)C1CCC(C)CC1,1
CCC1=CC=CCC1,1
CCCC(CC)CCCC(C)C,1
CC12C=CC(CC1)C(C)(N)C2,1
CC(=O)CCCC(C)S,1
CC(=O)OCC=C(C)OCCC(C)C,0
c1ccc(CCCCc2ccccc2)cc1,1
Cc1ccc2c(c1)C(C)OC2C,1
CCC1=COC(C)C=C1,1
CCC1C=CC=N1,1
CC(C)CCC(CCC(C)C)CC(C)C,1
CC=CC1=CC(OC)C(CCC)C=C1,1
CSC1=CCC(C)C=N1,1
CC(C)CC(C)C1C=CC=CC1C,1
CC(C)=CC1=CC(C)CCO1,1
O=c1cccco1,1
C=C(C)C1=CCC(C)C=C1,1
CON(O)CCc1ccccc1,0
CCCCc1ccc(C)cc1,1
CC1CC=CC1,1
CC1C=CC(CO)=CN1,1
CCC(C=O)CO,1
CCC(=O)C1CCCC=C1CC,1
CC=CC(=O)CCCC(C)CCCC(C)C,1
CCCC(S)Cc1ccccc1,1
C=CC(C)CCCC(C)CC,1
CSc1ccccc1S,1
CC(C)=CCC1C=CC=C1C,1
CC(=O)OC(C)CCCO,0
CCCC(C)CCC(C)C,1
CCOCCCCCCC=CC(C)C,1
C=CCCC(O)CCCC,1
CC(C)CCCCCCCCCCCO,1
CCC(C)CCC1CCCCC1C(C)(C)C,1
CC(C)CCC1CCCC1C,1
C=CC1=CCCC1C,1
CC1C=CCC1O,1
C=CCC1CCC(CC=C)C(CC)C1,1
CCC1C=C(C=O)C=CC1,1
CC(=O)c1cccc(C)c1,1
CCCCCC(=O)CCC(C)C,1
CC(C)C(=O)CCCS,1
CCCC1=CC2NCOC2C=C1,1
CC(C)CCC1(O)C(C)CC(O)CC1(C)S,0
O=C(CC1=COCC=C1)C1CCC=CC1O,0
C=C(C)CC(=O)C=CCCC,1
CC(O)C1C=CCC1,1
CCCC(C)C(C)(C)C(O)CCC,1
CC(=O)C1C=CCCC1C(C)C,1
C=CC(C)(CC)Cc1ccccc1,1
CSc1ccc(C(O)O)cc1,0
C=C(CCC)C(C)O,1
CCCC(C)OC=O,1
CCCCC1CC(=O)C2CCCSC12,1
CCC(C)C1=CC=CCC1NCCCc1ccccc1,1
CCCCC1CC1C=O,1
CCC(C)(C)CC(C)=O,1
CCCCCC(=N)C(C)O,1
C=CC(C)=CCCCCC,1
CCC(O)CCCCCCCCC(=O)OC,0
C=CCC1C=CC(OC)C=C1,1
CCCC(C)CCCC(C)(C)O,1
C=CC(C)(CCCC(C)S)CC(C)OOC,0
CC(C)(C)CCCC(N)CC=O,1
CC(=O)CCCC(C)OCC=C(C)C,1
CNC1=CCCCC1C(=O)CC(C)C,1
CC1CC(C)C(NC(C)O)C1,1
CCC1=CC=C(C(CC)CC)CC1,1
CCCCCOCCCCCCC(O)CCC,1
COC1CCCCC1O,1
CC(C)=CCCC(C)CCCC(C)CCCC(C)CCCCC(C)CCCC(C)CCCC(C)CCCC(C)C,0
CC1CCC(C(C)O)C2(C1)OC(C)C(C)O2,0
CCCCCCCC(=O)CCCC,1
CC=CCCC(C)C,1
CC(C)C1=CC=CCC1,1
CC1=CN=CC1,1
C=C(CCC)C(C)C(C)CC(C)=O,1
CCOC,1
CC(C)C(S)C(C)C,1
CCCCCCCCCCCCC,1
CC(O)OC(C)C1CCC(C)C1(C)C,1
CCC(O)OC1CCCCCCC1,1
CCCCCC(C)OCOC,1
CCCCCCCCC1COC(C)C1,1
CCOSC,1
COC(C)C,1
CC1=CCC(C(C)C)C(O)=C1,1
CCCSCCCCCCOC(C)O,0
CCC1C=C(OC)C(CC)CC1,1
C=C(C)C(C)CCCC(C)O,1
CCCCOCCCNC,1
CC(C)CCCC(C)CCCC(C)CCCC(C)CCCC(C)O,0
C=C(C=Cc1ccccc1)CC,1
CCCCCCCC=CNC,1
COC1CCCCC1C(=O)CC(C)C,1
O=C1CCC(S)C1O,0
CC(=O)C1CCCCN1,1
CC(=O)c1ccc(C)nc1C,1
CC(S)OCCC(O)O,0
CCSc1cc(C2CCC(C)C2)ccc1O,1
CCC(C)C1CCCC1,1
OC1CCC=C1S,1
C=CCC(CCCCC)CC(C)C,1
C=CC1CC(C)CC(C)C1C,1
CCCC(C)CCC=C(C)C,1
CC(=O)CCCCc1ccccc1,1
CCC(C)(CCCC(C)C)OC(C)O,1
CCCCCCCCC(=O)CC(C)C,1
CC1C=CC(CO)S1,1
CC1=CCC(OC(C)C)C=C1,1
C=C(C)C=C(C)C,1
CC1C=CSC1OC1NC1(C)C,0
CC(=O)CCC1CCC(C(C)S)CC1,1
CCCCC1OCCS1,1
CC1C(O)C(O)CC1C(O)CN,0
CSC1(C)CCCCCCCCCNC1,1
CCC1CCCC=C1C,1
CCC1=C(C(C)=O)C=CCC1,1
CCCCCCCOCC=O,1
OCC1=CC=CC1,1
C=Cc1cccc(CC)c1,1
C=C1C(C)CC23CC1C(C)(C)C2CCC3C,1
CCCCCCCC(=O)CCCc1ccccc1,1
NC1=C(C(=O)CCc2ccccc2)C=CCC1,1
CC(O)C1C=CS2=CC=CC=C2N1,0
CCC1C=CC(CC)C=C1,1
CCC1(C)CCC(C)C1,1
C=CCC1=CC=C(O)CC1,1
C=C(Cc1ccccc1)c1ccccc1C,1
CC=Cc1ccc(NC(C)CC(C)C)c(CC)c1,1
CCCCCCCOCCCCS,1
CC(CCCCO)c1ccccc1,1
COC1CCCCC1OC,1
CC(O)CCC1CCCCC1,1
CCC(C)C(O)OCc1ccccc1,1
CCCCCC(C)OC(O)CC(C)C,1
CCCCC(C)CCC(C)C,1
COC(=O)CCCCNCO,0
CCC1CCCC1,1
C=C(CC)CCCC(C)C=O,1
CCOCCC(C)O,1
CCC1CC(C)=CC(C)S1,1
CC(C)(C)c1ccccc1,1
CCCC1CCC(CO)C=C1OC,1
CC(=O)C1=CC(C)CC=N1,1
CCOC(O)C1=CCCC=C1CO,0
COC1C=C(C(C)=O)C=CC1OO,0
CCC(C)C1=CC(C)=C(C)CC1,1
CC(C)CNN,1
CCOC(=O)C1C=CC(O)C(C)=C1,0
C=C(C)C1CCC(C)(O)C(C)C1,1
CC(C)C1CCCC(O)C1,1
CCC1CC=C(O)CC1,1
CCC=C(C)C(C)OCCCCCC,1
CC1C=C2C(C)CC(C)C2CO1,1
C=CCCOCCSCCCC,1
CCCCC1CCCC1,1
CCC(C)CCS,1
CSN1C=NC=CO1,0
CC(C)CC1=NC2C=CC=CC2C=C1,1
CC(=O)C1C=C2CCCCC2O1,1
CC(=O)CC(C)C(C)NCO,0
CCCCCCCC(CC)CC,1
OC(O)C1CCCCC1,1
CC1CCC(C(C)(C)N)C(C)C1,1
CC(C)C(O)CC(C)(C)Cc1ccccc1,1
CCCCCC(C)(C)CC(C)C,1
C=CCCC(=O)CCO,1
CC1CCC(C(C)CO)CC1,1
C=CCCC(=O)CCC1C=CNC=C1,1
CCC1CSC(CC)S1,1
CC1CCC(C(C)(C)OC=O)OC1,0
CCC(C)c1ccccc1,1
CCC(C)C1CC(C)C(CC)O1,1
CC(C)SC(C)C(C)O,1
COC1=CCNCC1,1
c1ccc(Cc2ccccn2)cc1,1
CCS1(C)CC(=O)C(C)=C(C)C1C,1
C=C(C=CC)C1C(C)CCCC1(C)C,1
CCCC(O)C(C)C(C)C,1
CC(O)COC(=O)c1ccccc1O,0
CCCCCC(C)CCCC(O)CCC1CCC(C)(C)C1,1
CC(C)CCCC(C)CC1CCCO1,1
CCC(Cc1ccccc1)OC,1
CCCC(C)C(C)CC,1
CCCCCCCCC(CC(C)C)C(=O)OC,1
CCC1C(OC)=CCC=C1OC,1
C=C1C(C)COC1C,1
CCCC1CCC(C)C1(C)C,1
CC1CC(C)(C)OC(c2ccccc2)S1,1
CC=CC(O)OC1CCCCC1,1
CC,1
CC1CCCC(C(C)(C)O)C1O,1
CC(CO)CCc1ccccc1,1
COC1C=NCCC1,1
C=CC(C)(CCC)CCCC(C)C,1
CCCC(=O)CCCCC(C)CCC,1
COC(C)C(C)C,1
COCCCCC(=O)CC(C)C,1
CCC(C)(C)C1CCC(C)CC1,1
OCC1C=CCC=C1,1
C=C1C(C)CC(C)C1OC,1
CCCC(=Cc1ccccc1)CO,1
COC(C)CCC(=O)CC(C)C,1
CCCC(O)CC(C)=O,1
CCCC(C)CC(CC)c1ccccc1,1
CC(N)CC(C)O,1
CCC=CCCCC(C)CCCC=CCC,1
CCCCCC(CCC=O)Cc1ccccc1,1
C=CCCCC(O)CCC,1
CCOC(C)C(C)NC,1
CCC1COC(C)C1,1
CCC(C)C(C)C(C)=O,1
CC(=O)OO,0
CC1=CC(C)CS1,1
CC(C)OSC(C)C,1
C=CCC1=CC(OC)C(C)C(OC)=C1,1
CCC1CCCCC1C(C)=O,1
C=C(CC)CSCCCC,1
CC1CCSCC1,1
CCCCCCCC=CC(C)OC,1
C=CCCC=CCC,1
CCCCc1ccc(CC)cc1,1
CCC(CC1CCOO1)c1ccccc1,1
CSCC(=O)C1OC1C1C=CCCC1,0
CC1CCCC2(C=CCCC2)C1,1
CCc1ccc(C)cc1C,1
CCCC(CCC)CCCCC(C)C,1
CCCCC(CC)CC,1
CCC1C=CC=CC1C,1
CCC1CC(C(C)O)=CC=C1O,1
COC1=CC2C=CC=CC2=CC1,1
COC(C)C1CCCCC1C,1
CCCCCC(CCCOC)CCCSC,1
c1ccc2c(c1)CCC2,1
CCCC(C)OO,1
COC(=O)OS,0
C=CCCC(=O)CCCC(C)(C)CC,1
CCC1CC(C(C)C)CCC1C,1
CCC1CC(C)C(O)C1C,1
CCCCCCCCCC(O)OCCCC,1
OCCCCCOCCCS,0
CC(C)=S,1
CC(C)C1CCCC(C(C)C)C1O,1
CCCN1C=CCC(OC)C1C,1
CC1=CC2CCCOC2C=C1,1
CC(CO)CC1C=CCC=C1,1
CC1CCC(C(C)COC(C)C)CN1,1
C1=CC2OCOC2C=C1,1
C=CCOC1C=CC(C)C=C1C,1
C=C(CCC)CC(C)SCC,1
CCCSCCCCCCC(C)O,1
CC12CCN(CC1OCCO)C2(C)C,0
CC1=CCCC2(CCCCC2)C1,1
OC1CCC(CS)CC1,1
CCC(C)C(C)C(C)O,1
CC1=C(C)OSC=C1,1
CCCCOC(C)C(C)CC,1
C=CCOC(C)CCCCC,1
CCCCCC1CCCO1,1
CCCCCC(CCC(C)C)OCC(C)C,1
CC(C)OC(C)C=Cc1ccccc1,1
CCCCNCCCC(C)O,1
C=CCCCCCCOCC(=O)CCC=C(C)CCC=C(C)C,0
CC(C)Cc1cccc2c1OCC=C2,1
CC=C(C)C(C)C,1
CC(C)CC1CCC(S)CC1,1
C=C(C)CCCC(C)CCOCC,1
CCC1CCC(C)C(C)C1,1
CC(CO)Cc1ccccc1,1
CC1=NC(CC(C)C)=CC1C,1
CCCC1=CCCC1,1
CCCCSCCC,1
CC(O)CCC(=O)S,0
CC1C=CC2=C1SCC2,1
CCNC(O)CC(C)CC,1
CCC(=O)COC(C)C,1
O=CCCCO,1
COC1=C(S)CCC=C1,1
CC1C=CC(C=O)C=C1,1
O=CC1=CC2C=CC=CC2=C1,1
CCC(C)C=CC1CCC(CC)NC1,1
CCCCC(C)C1C(C)=CCCC1(C)C,1
CCCCCCC(CC)C(=O)CO,1
C1CCCCCC2CCCC2CCCC1,1
CCCCCCCCCCCCCCCCCC(O)OC,0
CCCCC(CN)c1ccccc1,1
CCC(O)CC(C)OC,1
CC=CC=CCCC(C)O,1
C=CCCOCC=C,1
CC(C)CC(=O)C(C)C,1
C=C(CC)CCCCCCC,1
CC1CCC(C(C)(C)O)C(C)C1,1
Cc1ccsc1CCS,1
OCC(O)SO,0
CCc1ccc(CCC(O)C(C)C)cc1,1
C=CCCCCCC(S)CCC,1
CCCCCc1ccc(CCC)cc1SC,1
C=C(C)C(CC(C)=O)CC(C)O,1
Oc1ccc2c(c1)CCC2,1
C=C(CCC=O)CCCC(C)CC,1
COCCCCOC,1
CC=CCC=CC,1
CCC(S)CCCC(C)CCCC(C)C,1
CCC(=O)C(C)CC(C)O,1
CCSCCCCOOC(=O)CC,0
CC1CC(C)C2(C)CC(C(C)C)CCC2C1,1
CC(=O)C1C=CCC1,1
CC1=CCC(C)=C1,1
OCOCCCc1ccccc1,1
Cc1ccc(C)c(C)c1C,1
CCCOC(CC)C(=O)OCCc1ccccc1,0
COCCCC(CO)COC,0
C=CC(=C)CCCC(C)C=O,1
CC1CCC(CC=S)C1(C)C,1
C1CC1,1
CC1=CC(C=CC=O)C=C1,1
CCC1C=CC=C1C,1
C=CC(C)(C)C(N)CC(C)C,1
CCCC1=CCC(CC)C=C1,1
CC1C=CCC(C)C1=O,1
CCCC1CCC2CCCCC2C1,1
COc1ccc(C)nc1C,1
CCCC(O)C1=CC=C(CC)CC1,1
CCCC(CCC)OCC,1
C1=COCCC1,1
CCc1ccccc1C(C)S,1
CCCC1SC=C(C)C=C1C,1
C=C(O)CCCCCCCCCCOCCCCCC,1
CC=CC1=CC=CCC1,1
CCCC(C)OCCC(C)C,1
C=C1CC(N)C2CC1C2(C)C,1
CCOC(=O)C1(c2ccncc2)CC1CS,0
CCC1C=CCC(C)C1,1
CCCc1ccccc1C,1
COC1=CCC(C(C)O)C=C1,1
CC(C)C(O)OC(C)(C)CCC1=CCCC=C1,1
C=CCC1CC(C(=C)C)CCC1C,1
CCC1=CC=C(C)ON1,1
CCC(C)C(O)C(S)C(C)CO,0
CCCC(=O)CCCCCCCCC(O)CCC,1
CCC1CC(C)CCC1C(C)C,1
CCCC(=O)CCCCCCC(C)C,1
C=C(CCC)OCCCCCCCC,1
OCC1C=CCO1,1
COC(=O)C1C(C)CCCC1(C)C,1
CCCCCCCC(C)CCCCSCC,1
CN(C)C1(C)CC(C)(CCC2C=CC=C2)C(O)O1,0
COC1CC(C=O)C=CC1C,1
CC1CCCC(c2cccnc2)C1,1
C=C(C(C)C)C(C)C,1
CC(C)CCC(C)C1C=CC=C1,1
CCC1=CCCC=C1,1
CCCCCC=C(C)C,1
C=CC(C)(C)CCCC(C)CCCCCC(=C)C,1
CCCC(C)CCCC(O)CCC,1
CC(C)CC1(C)CCCCS1,1
C1CNCOC1,1
CC1CC2CCC(C)(C)CC2CC1C,1
CC(C)C(O)Cc1ccccc1,1
CCCC(C)OCCC(C)CCCC(C)C,1
C=C(OC)C(=O)C(C)CC,1
CC1(C)C2CCC3(C2)C1CCCC3(C)C,1
CCCC1C=C(CC)N=C1NC,1
CCC(C)(O)CC(C)C,1
CCC=CCCNCCO,1
CCC=CCCCCCCCCCC,1
CCCC(=O)C(CC)C(C)O,1
C=C(O)C1=CCCC=C1O,1
CCCC(C)CCOC(C)=O,1
CC1=CC(C)C(C)C=C1,1
C=CC(C)(CCCC(C)C)CC(=O)Cc1ccccc1,1
CCCCCCOC(C)CCC,1
OC1=CC2C=CCSC2CC1,1
CC(C)C1CCCC(c2ccccc2)C1,1
CCCc1ccccc1CO,1
CCC1OC(C)C(O)C1O,0
CC(C)C1CCSS1,1
CC(C)CCC(CCC(C)C)C(C)C,1
CCC1CC2CCC1(C)C2(C)C,1
CCOC(C)CC(C)C,1
C1=CN=CCC1,1
C=C(C)C(C)C(C)(C)c1ccccc1,1
CCCC(CC)CCCSC,1
CC(C)C1C=CC=C2C=CCCC21,1
CCCC(C=S)c1ccccc1,1
CCCCCC(C)(C)C,1
CC(O)CC(C)CCOC(C)C,1
C=CCCCCCCCCCCC,1
CCOCC(C=O)Cc1ccccn1,0
C=CC(C)(C=O)CCC(C)C,1
CC1CCC2C(CC(=O)C2C)C1,1
CC1=CCCO1,1
C=CC(S)CCCC(C)(O)O,0
C=CC(C)C(S)CC,1
CCC1(C)OCC(O)O1,0
CCCOC(C)OCCS,0
CC(C)C1CCCC1,1
CC1CC(c2ccccc2)CCN1,1
CCCC(=S)CCC,1
CC(C)=CCCC1=CSCC(C=O)C1,1
CCCC(=O)C=Cc1cccnc1,1
CCCCC(CCC)OCO,1
C=C(O)CCC(=O)C(CC(O)CCC(N)C(C)=O)C(C)C,0
CCC1CCC(C)=CC1C,1
CCC1CCCC(C)S1,1
OCCC1CCCCO1,1
CCOC(O)C1=CCC=C1,1
CC1=CCC(CO)=C1,1
CC1CCC(=O)CC1C,1
CCCCCC(CCCCC)CC(C)C,1
C=C(CCCC)CCCCCCC,1
CCCCCC(CCC)CCC,1
CC=CC(O)C1CCC(C)(C)CC1C,1
CCCCNC(C)CCCC(C)C,1
CCCCCCc1ccccc1,1
CC1CCC2CCC(=O)CC2C1,1
CC1CCCC(C)C1C,1
C=CCC(C)CCc1ccccc1,1
CCCC(C)CC1=C(C)CCN1,1
CC(Cc1ccccc1)C(N)=O,1
CCC(CCCCO)Cc1ccccc1,1
CC1CCC=C(C(C)(C)C)C1,1
CC1=CCC(NS)C=C1,1
COC1CCC(C=O)=CC1O,0
CC1CCC2C(=CC(C)N2C)C1,1
Cc1ccc(O)c(C(C)C)c1,1
CCCCCC(C)C1CC=CC=C1N,1
CCC1(C)C(C)C(C)CC(C)C1C,1
C=C1CCCC(C)(C)C1C=CC(C)C,1
CCCC(=O)CC(CC(N)=O)C(N)=O,0
CCCOC(C)(CS)CCC,1
CCCCC1=C(C)CCC=C1,1
C=C1CCC(C)CC1,1
C=C1CCC2CCOCC2O1,1
CCCCCC(CC)Cc1ccccc1,1
CC1C(=O)C(O)C(C)C1C,1
CCCCCCCN,1
OC(CSCC1C=C2C=CC=CC2C1)CC1=CC2CCCCC2CC1,0
CC(=O)CCC(C)C1CCC(C)CC1,1
C=C(C)OCCCCCCC,1
CC=CC(=O)C1C(C)OCCC1(C)C,1
C=C(C)C(C)C(C)C,1
C=C(C)C1C=CC(C(C)C)C=C1,1
CCCC(=O)CS,1
CCC(C)Cc1ccccc1,1
CCC(C)CCC(C)O,1
COCCSC,1
CCCC(CCC)c1ccc(C)cc1,1
CCC(=O)C1CCCC1,1
C=CCCC=C=O,1
CCC(O)C(C)(C(C)C)C(C)C,1
C=C(CC)CCC(C)CC,1
CC(O)C1CCC(O)C(O)C1,0
CC(CO)CC1C=CC2OCOC2O1,0
CCC(C)C(O)OC,1
CC1CCOC1,1
CC(C)CCCC(=O)C=Cc1ccccc1,1
CCCC(O)CCCCO,1
C1=COCC(C2CC=CCC2)=C1,1
CCCCCOCCCCCC(OCC)OCC,0
C=C(C)C(C)CC(C)=O,1
CCCOCSCCC,1
CCC1=C(OC)C=CC(C(C)O)C1,1
CC(C)CC1C=CC=C1,1
CCCCCCCC=CC(C)=O,1
C=CC(C)CCCC,1
CCC(=O)CCCOc1ccccc1,1
C=CCCCCCCOC,1
O=C(CC1CCCCC1)c1ccccc1O,1
CC1(C)CCC2CC1C2(C)C,1
C=C(C)CC(=O)OOC(C)C,0
CC(C)CC(=O)c1ccccc1,1
CC(CC=O)C1C=CC(C(C)(C)C)=CC1,1
CCCOCC(C)OC1CCCCC1,1
CC1C=CSC1C,1
CCOCC(C)CC,1
CC1(C)CCCC2CCC(C=O)CC21,1
CCCC(C)CC(=O)CC,1
CCC=CC(O)O,1
CCCCC(CCC)CCC,1
CCC(C)COC(C)C(C)O,1
COC1C=CC(CS)C=C1,1
CCCC(C)OC,1
CCC1=CCC(OC)=C(C)C1,1
C=C(C)C1CC2CCC1C2,1
O=C(O)C1CCCS1,0
CCC(C)C(O)CC(C)S,1
C=CC(C)(C)CCC=C(C)C,1
c1ccc(CCCC2CCCCC2)cc1,1
CC=CCCC(O)CCCCCCC,1
C=C(C=CC)C(N)C(C)C(C)C,1
CCCC1=CC(CC)C(CC)C1,1
CCCCCCC(C)CCC=C(C)C,1
CCCC(CC(C)C)CC(O)C1C=C(C)C(C)CC1,1
CCCCC(=O)CCCOCC,1
CCC=CC(O)CCC,1
CCOC1C=CCCC1CC,1
CC1=C(C)C(C)C(C)(C)C1,1
C=CC(C)CCC,1
CC=CCCCSC,1
C=CCCC(O)CCC,1
CCC1=C(C)CCC1,1
Cc1cccc(C(C)O)n1,1
CCCC(=O)C(CC)C(C)C,1
CCC1=C(C)COC=C1,1
C=C(O)CC(C)CCCC(C)C,1
C=C(C)C1CC(C(C)C)C=CO1,1
CCCCCC(C)CCC,1
CC(C)=CCCC(C)CC(C)(C)C,1
CCCCCCCC(C)CC,1
C=CCCC(C)CCc1ccccc1,1
COC1C=CC(C)=N1,1
CCC(C)C1=CCCS1,1
COCC=O,1
CC1(C)CCOCC1,1
CCCCCC(=O)CCCC(C)O,1
C=C(CC)C1OC1(C)CCC1C(C)=CCCC1(C)C,1
CCCCCCCCCCCOCC(C)=O,1
CC(C)CC(O)CCC(C)N,1
CC(C)CCCC1CCCCC1,1
CC=CC1C=CC(CC(C)NCC)=C(OC)C1,1
CC(O)CC(C)(C)C,1
CCOCCC1=CCCC1,1
CCCCC(CCCC)COCC,1
CCC1C=CC=CC1,1
c1ccc(CCC2CCCC2)cc1,1
C=C(CCC)CCC(C)c1ccccc1,1
CCCOCCCCC(C)C,1
C=C1CC(C)(CC)CO1,1
C=CC(=C)CC,1
CCCC(=O)CC(O)OCC,0
C=CCC=CCCC(O)CC,1
CC(=O)CC1CCC2C(C)(C)C3CC12CCC3C,1
CCC1CCCS1,1
CCCCCC1CCCOC1O,1
C=CC=C(C)CCC=C(C)CC,1
CCc1ccc2ccccc2c1,1
CCCC(O)CCC(C)C,1
C=C(OCCC(C)C)C(C)C,1
CCCCCC(C)CO,1
CC(C)CCCN,1
C=CC(C)CCCCC,1
CCCCCC(C)Cc1ccccc1,1
CCCC(C)CC(CC)CCCO,1
CC=CCC,1
CC(C)CC1CC(CC(C)C)NC(CC(C)C)C1,1
CC1CC(CS)C(=O)C1O,0
CCCOCCCCCCCCCCCCCCCC(C)=O,0
C=CCOC(O)CC,1
CCC1=CC=CC1,1
C=C(CC)C(O)c1ccccc1,1
CC(C)CCCC1CCC(C)(CO)CC1,1
Cc1cccc(CCC(C)C)c1,1
CCC(C)CC(=O)OC,1
CCCCC1=CC=CC1,1
C=C1CCCC(C)(C)C1C(=O)CC,1
CC(O)OCCCc1ccccc1,1
C=CCCCOCCCCCCCCCC,1
CCC(CC)C(C)C,1
CCC(C)C1=C(C)OCCC1,1
CCC(C)CC1CCCC1,1
CCCC(C)N,1
CCc1cccc(C)c1,1
C=CCC1=CC(OC)C(OC)=CC1,1
CC1CCCC(C)(C)C1C=O,1
CCOC(C)CC1(C)CCC(C)C1,1
CC(C)=CCCc1ccco1,1
CC(Cc1ccccc1)OCc1ccccc1,1
CCC1CCc2ccccc21,1
CSCOSC,0
CCCCCCCCCCC1CCC(C)O1,1
CCC(C)C(C)S,1
CCC(O)C(C)S,1
CC1=CC(C)C(C=CC(C)O)C(C)C1,1
CCCCCCCCC(C)C,1
CCCOC1C=CCC1,1
CC=CC(C)OC(C)(C)Cc1ccccc1,1
CC(=O)CCC1CCC(C)CC1C,1
CC(C)OCCC(C)c1ccccc1,1
CCCCCCCOC(O)CCc1ccccc1,1
CCc1ccc(CO)cc1OC,1
CC1C=CCC(C)C1,1
C=CCCCCCCCC(=O)CCC,1
CSC=CC(C)C,1
C1CSCCSC1,1
C=CCCNCCSCC=C,1
CCCCC(O)C1=CC=CC1,1
CC(=O)CCC(=O)C(C)CCOO,0
CCC(C)C,1
CCC(C)CC(C)C(C)O,1
CCC(C)C1CCC(C)C(C)=N1,1
CC=CCCCC,1
CCC(C)CCC(C)C1=CCC=CC1C,1
C=CCC(C)c1ccccc1,1
C=C(CCCCCC)OCC=O,1
CC(C)CCCC(C)CC1CC(C)CC(C)(C)C1,1
C=C(CC)CCCC(C)C,1
CCCC(C)C(=O)CC,1
CC(O)S,1
CCC(C)CCCC(C)OCC=C(C)C,1
CCC(C)(C=O)SC1C=CC=C1,1
C=CCCCC1CCCC(=O)C1,1
COC1C=C(C(C)C)C=CC1C,1
CCCCC(O)CCCc1ccccc1,1
CCCCC1CCC(C)O1,1
COC(C)C1CCCC=C1NCC1CCC(C)CC1C,1
CNC(C)CC(C)O,1
CC1C=CC2=CC=CCC21,1
CC(C)C1CCC(C)(C)CC1C,1
C=C(CC)CCCCC,1
CC1CCC(CCCCCO)OC1,1
CCCCC(CCC)C(C)C,1
CC(OCC=Cc1ccccc1)c1cccnc1,1
CCCC(O)C(CC)CCC,1
CC(C)=CCCC(C)C(C)C,1
CCCOC(O)CC,1
C=CC1=NC=CNC1,1
CC1Cc2ccccc2CC1C,1
CCC=CCCCC(=O)C1C=CC=CC1C,1
C=C(CCCCCCCC)OC,1
C=C(COOC(C)=N)c1ccccc1,0
CC(C)C(O)OCCCc1ccccc1,1
C=C(CCOCCCC)OCCC(C)C,1
C=C1C(O)C(C)CCC1C(C)C,1
CCCCCCCCCC(C)CCC,1
C=CC(C)=N,1
CCCCCCCCCOC(C)C,1
C=C(CCC)CCSC,1
CCC(=O)C(C)CC,1
CCCC1CCC(O)O1,1
CCCC(CCC)C1=CCC=CN1,1
COC(O)CCC(C)C,1
CCCC=CC(CC)CO,1
C=C(O)CC(C)CCC,1
CC(=O)C1CCCC1,1
CC(C)CCCCCS,1
CSC=CCC1NCC(=O)C1C,0
CCC(=O)CCSOC(=O)OC,0
C=C(C)C(C)C,1
CCCCC(S)CC,1
CC(C)CCC(CO)CC(C)O,1
CCOCCCCC(C)CC,1
CCOC(O)CC(C)CCCC(C)C,1
C=C(C)C=CC1C(C)CCOC1(C)C,1
SC(Cc1ccccc1)OCCc1ccccc1,1
NCCCCCCC=CCO,1
CCSC(O)C(C)OCO,0
CCCN(C)CCC(C)O,1
CCCSCC(C)C,1
C=CC(C)(CCC=C(C)C)CC(=O)c1ccccc1,1
C=C(C)C(=O)CCC(C)C,1
CC1CCC2C=CC=CC12,1
CCCC(CCC)CCC,1
C=C(OCC)C(C)CCC(C)CCC,1
CCCC(=O)C(C)C1C=CC=CC1,1
CC1=C(O)CC(C(C)C)=CC1,1
CCCCC(C)C(C)CC,1
C=C(O)CCC,1
C=CC1=CC(CC)C=C1,1
CNC1CC=CS1,1
C=C(CCC)CCC1=CC=S(C)OC1,1
CC(C)C(O)COCc1ccccc1,1
CCC1C=C(CO)CC1,1
CCC1C=NC(C)=C(C)O1,1
CCCCOCC(CC)CC(C)=O,1
CC1CCC2(CC1)C(C)CCC2C(C)(C)C,1
CCCCC(O)C(C)CC(C)(C)CC,1
NCC1C=CC(C=O)C1,1
CCCCCCCCCC(=O)CCC,1
CCC(C)C1CCC(C)(C)C1,1
CC(C)C1(C)CCC23CC1C(C)(C)C2CCC3C,1
CCCCCC=CCCC(CCC)CCC,1
CCCOC(C)CCC1CC=CCC1,1
CC1=CC=CC1CS,1
CCC(=O)CCc1ccco1,1
CCC(CCC1C(C)CCCC1(C)C)CC(C)=O,1
CCCCCCC1CC(CS)CO1,1
C=C(CCC)CCCO,1
CCC(=O)CCCCCOOC,0
CCCCCOC(C)C(C)CC,1
CC(C)COC(C)Oc1ccccc1,1
CCCOCC,1
CCC1=COC(C)O1,1
CC1CC(C)OC(C)C1,1
CCCCC(CC)CCC(O)C(CC)CCCC,1
CSCC1OCC(C)CC1C,1
CC1CC(C)C(C)C1,1
CCC1(C)C2(C)CCCC1(C)CC2,1
CCCCC(C)CCO,1
CCCCCC(C)CCCC(S)CCC,1
COC1=CC(C=O)=CCC1CC(=O)C(C)C,0
CCCOCCC(=O)CO,0
COCCC(O)C(C)O,0
COC(O)C1=C(C)CCOC1,0
CCCC=CCCC(C)C,1
CCCCCCCC1SC1CC,1
CC1=CCCC1,1
COC(C)C1=C(C=CC2CCC(CCC=C(C)C)CC2)CCC=C1,0
C1=CCC(CC2=CCCCC2)C=C1,1
CCC(C)CCC(C)OCCC(C)C,1
CCCCSCC(C)OC,1
CCCCOC(C)CCC(C)CC,1
CC1CCC=CC1C=O,1
CC(C)CC1CCC(S)CO1,1
CCc1ccc(C=CC(C)C)cc1,1
C=CCC1C=C(O)C(OC)CC1,1
CC(C)CCC(=O)CCC(C)O,1
C=C(O)C1C=C(O)C(S)=CC1,0
CC(CO)CCC1C(C)CCCC1(C)C,1
CCCCCC1CCC(=O)C1C,1
CCOC1CC=CC=C1CC,1
CCCC=C1CC2C(CC1C)C2(C)C,1
CCCC(=O)C(=O)OCC,0
Cc1ccc(C(C)C)nc1,1
CC(C)CC(O)O,1
C=C1C=C(C)C(=C)C(C)(C)C1,1
CCC(C)(OO)C(C)C,1
CCCCOC(C)CCCOC,1
CCCCOC(C)CCc1ccccc1,1
CCCc1cc(C=O)ccc1O,1
CCCOCOCCCCCCC(C)C,1
CCC(=O)C(C)CCC1C=CC=C1,1
CCC1CCC(C)CC1(C)C,1
CC(C)CCCc1ccccc1,1
CCCC(C)C(C)NC(C)COC,1
C=C(CCCCC)OC(C)C,1
C=CCCC(=C)C(C)C,1
CCCCCCCOC(=O)OC(C)C,0
CC(=O)OC1=CC2CC1C1CCCC21,1
O=C1CCCCCO1,1
CC(=O)C(S)CC(=O)O,0
CC1=CC(O)CC1,1
CC1CCCC2(C)CCC(C(C)(C)O)CC12,1
CCOC(=O)C1=CC=C(C)CC1C,1
CC(CO)C(C)CS,1
OCCc1ncco1,0
CC(O)CC(C)(C)Cc1ccccc1,1
CCCCC(CC=N)SC,1
CC1CCC(C)N1,1
CCC1CCOC1C,1
C=CCCC(C)C(C)CC,1
CC1CC(=O)C(O)C1C,1
CCCC(C)SCC(=O)C(C)CCC,1
CC1=C(N)C(N)C(O)C(C(O)CC2CCCCC2C)=C1S,0
CCC(C)(CCc1ccccc1)CC(C)C,1
CC(C)CCCC1C=CCC=C1,1
CC(C)CCC(C(C)C)C(C)CC(C)C,1
CC(=O)C1=CC(C)=CC1,1
C=CC(C)C1CCC(C)CC1,1
C=C(C)C(C)CC,1
CCC1CC(C)CC(C)C1,1
CCC(C)C(S)CCCC(C)C,1
Cc1cc2c(cc1C(C)C)C(C)(C)CC(C)C2(C)C,1
C=C(C=CO)NCCc1ccccc1,1
C=CCC(CC)CCC,1
CC(C)=CCCC(C)CCCC(=O)c1ccccc1,1
CCCCC(CC)C1CCCO1,1
COCCCCC(C)=O,1
CCCC(C)CCc1ccccc1,1
C=CCCC(C)C(C)C,1
CCC1CCC(C)N1O,1
CCNCCCCCC(O)CC(C)C,1
C=CC(=O)CCO,1
CC(N)CCC1C=CC(C)CC1,1
CCCCCC1C(C)CCC1CC(=O)OC,1
CC(O)CC1CCCCCCOCCCC1,1
OCOC1CCCCS1,0
CCCOCCCCCC(C)CC,1
CC(CC1CCCCC1)CN1C=CCC=C1,1
CCSCCCCCCO,1
CC1CCC(C(C)O)C1,1
CC(C)CC(O)CCO,1
CC(O)OC1CCCC1C,1
CCC1CC(C)CC=C1C(C)C,1
CC(C)CC(O)c1ccccc1,1
C=CC1CCC(OCC)C(OC)C1,1
CCC1CCC(C)C1,1
CC1CCC2CCC(S)CC2C1,1
CC1=CC2COCC2C=C1,1
CCC1C=CC(C)CC1,1
CCCCCCCCCC(C)C(CCC)CCC,1
CC1CCCC(C)C1,1
CCCC(O)CCOC,1
CC=C(C)C(=O)OCCCc1ccccc1,1
C=CC(C)CCCC(C)CCCC(C)C,1
C=C(CCCCCCCCC)CC(C)=O,1
CC(CO)CCCC(C)CCC=O,1
C=C1C(C)=CCCC1C(C)C,1
CCSC1=C(C)CCC(OC)C1,1
CCC(=O)C1C=CC=C1,1
CCc1ccccc1OC,1
CCCCCCCCOC(=O)CCc1ccccc1,1
CC1CCSC(C2C=CCCC2)O1,1
CC1(C)C2CCC(C2)C1(C)C,1
C=C1CC(CC)C(C)C1O,1
CSOC(C)C(C)CCO,0
C=CCC1=CC(CC)C(CC(=O)CC(C)C)C=C1,1
CC(C)COC=Cc1ccccc1,1
CC(C)C=CC(C)C,1
CC(=O)CC1CC2CCC1(C)OC2(C)C,1
CCOCCC(=O)OC,0
C=CC=CC=C,1
CCCC(C=O)CC(C)CC,1
CCCC(CCC)SC,1
CCc1ccc2c(c1)OCC2,1
O=CC1=CCC2OCCC2=C1,1
CC1OCC2CC1C2(C)C,1
CCCC(O)CC(CC)CCC(C)C,1
CCC(C)C(O)CCC(C)C,1
CC(=O)Cc1ccc(CCC(C)O)cc1,1
CC(C)CC1CCCCC1C,1
C=CC(C)(C)OCC=C(C)C,1
CC1CCC(C)(C(C)C)CC1,1
CCCCCCC(O)OO,0
C=C=CCC=C,1
CCC1C=CC=C1,1
CC(=CCCC=O)CCCC(C)C,1
CCC(S)C(O)OCCc1ccccc1,0
CC1OCCC(C)(C)C1C=O,1
CC1CC(C)(C)CC(=O)C1O,1
CCCCCCCC(=O)C(C)C,1
CCOC(N)C(C)C,1
CC(C)C1CCC(OO)CC1,1
CC1=CC=CC(O)C1C,1
NCCC1C=CC(O)=CO1,0
CC(C)OC(C)S,1
CCCC(C)C(C)SC,1
CCCCCCCCC(C)CC,1
CCCCC1=CC=CCC1,1
CCCCSC1=CCC=C1C,1
CCCCOCCC(=O)CCC,1
CCC(C)C(S)CC,1
C=CC(C)(C)CCCC(C)C,1
OCCCCCCCO,1
CCCC1=C(C(=O)CC)C=CCC1,1
C=CCCCCCCCC(C)O,1
C=C(OC(CC)CCCCC)C(C)=CC,1
O=CC1C=CCC1,1
CC(O)CC(O)OC1CC(C)CCC1C(C)C,0
CCOCCCCCC(O)C(C)CC,1
CC1CC(C)NC(C)C1,1
CCC(C)C1CCCCCCCCCCO1,1
COCO,1
C=C(CC)CCCCCCCCC,1
CCC(C)CCCCCCCCCCCCCO,1
CCCCC(CC)CCCO,1
Cc1ccn(C(C)C)c1,1
C=CCCC(C)C(CC)CC,1
C=CCCCNC,1
CC(C)CCCC(CCCC(C)C)CC(C)C,1
C=C(CC)C(C)CCCCCC,1
CCCC(C)CCC(C)CC,1
CCCCCCCCC(=O)CCC,1
COC(O)C=C(C)C,1
CCC(C)CC1C=CC2C3C=C(CC3)C12,1
CCCCCCCCC(CC(C)=O)C(C)CCC,1
CCCCCCCCCCCCCCCC(C)O,1
CCC(CC)CCCCCCSC,1
C=Cc1cccnc1,1
c1ccc2c(c1)CCCC2,1
CCCCCCCCCC(O)CC,1
CCC1=C(C)C(OC)CC(C(C)C)=C1,1
CCCC1=COCO1,1
CCC1C=CC(C)=CC1CC,1
CCC(O)SCC1C(C)CCCC1(C)C,1
CCCCCCCCC(C)C1C=CC=CC1,1
CCCC(C)OCC(C)C,1
CC(C)CCCC(C)CCCC(C)C,1
OC1CCCCCCCCC1,1
CCCC=C(C)CCCC(C)C,1
CCC1=CC(OS)C(CC)CC1,1
CC(C)C1CC(c2ccccc2)CCO1,1
CCOC1C=CCC=C1CC,1
CCCC(CCC)SS,1
CCC(C)(O)CCCC(C)C(C)O,1
CCCC=CCC(C)O,1
CC1C=C(O)C(C(C)C)=CC1,1
CC(=O)NCC(C)C,1
C=CCCc1ccc(C)cc1,1
CCC(=O)C(C)(C)C,1
C=C(CCC)CNc1ccccc1O,1
CCCC1CC=C(C)N1,1
CCCCCCCC(C)C(C)O,1
CCC(CC)OC,1
CCCCCC1CCC(C)C1,1
CC1CCC(C(C)C)CC(C)C1,1
COC1C=CC=CC1,1
C=C(C)CCCC,1
CC(O)OC1CCC(C(C)(C)C)CC1,1
CC1OC(C)C(O)C1=O,0
COC1C=CC(OC)C(C(C)(C)C)C1,1
CCCC1CCOC(C)C1,1
CCCCCC(O)OCOC,0
C=C(CCC=CC1C=CC=CC1)C(C)CC,1
CCOCC(C)OC(C)C,1
CCCCCCCCCCCCCCS,1
CC(=O)C1(CC(C)C)CCCCC1,1
C=CC(C)SCCC(C)CCCC(C)C,1
CCCCCCCCCSC(C)CC(C)C,1
CCCC1C=CSO1,1
CC(C)CCCCC(O)O,1
C=CCCC(C)C,1
CCCCCC(C)C,1
CCCCCCCCCCCOC(C)O,1
C=CCCOSCOSCC=C,0
CC1=CCC(C(C)C)CC1,1
O=C(CCc1ccccc1)OCO,0
CC(C)(C)C1CCC(O)OC1,1
CCCC(C)CCCC(C)CCCC(C)C,1
CCC(O)C1C=CC=C1,1
CCCCCCCCCOC(O)CC(C)C,1
CC=CCCC(O)CC(C)C,1
CC(C)CC1CCCN1,1
CC(C)C1CC=C2OCCCC2C1,1
CCCC=CCCCCCC,1
CC1C=CC(C(C)O)=CC1,1
CC1CCC(O)C1C,1
CC(C)CCN(C)O,1
CCC(C)C1NC(C)C(C)O1,1
CC(=O)C1CCC=C1C,1
COC(C)OC(C)=O,0
Cc1cc(C(C)(C)C)c(C)c(S(C)(C)C)c1,1
CCC=C1C2CCC(C2)C1(C)C,1
CC(C)(C)OCc1ccccc1,1
CCC1CCCC(OC)C1,1
CC(C)C1C=CC=CC1,1
CC1CCCCCCCCCC=CCCCO1,1
CCC(CC)CCC(C)C,1
CCCCOC=CCC=CCCCCCCCC(=O)O,0
C=C(C)CCC(C)CCC(C)C,1
CC=CCCC(C)CC,1
CCCCCOCC(S)CCC1=COC=CC1,0
CCC1C=C(C)CC1C,1
CCOC1C=C(OC)C(OC)=CC1,0
CCCOO,1
CCC1N=C(C)C(C)O1,1
CCCC(C=O)c1ccccc1,1
CCCCC1C=CNC=C1,1
CC1=CC(C)CC(C)=C1,1
CCCCCC(CCC)OCC,1
CC(O)C(=O)CCC1=CCC=CC1,1
COC(C)C(C)CCCCCCCO,1
CCCCC1C=CC(C)C=C1,1
C=C(CC)CC1CCCC1,1
CCCCCCSCC=O,1
CSCCC(C)C,1
CC(C)OC1C=CC2CCCCC2C1,1
C=C(C)O,1
C=CCCCCOCC=C,1
CCCCC1C=CC=C1,1
C=CC1CCN(C)CC1,1
CC1=CC(O)C2CC1C2(C)S,1
CC=C(C)C(O)CNCC=CCC,1
CCCCCC1CCC(C)O1,1
CCCC=CC(C)CCC,1
CC(C)C(S)CCCC1CCCCC1,1
CC1(S)C2CCC(CO)C1C2,1
CCCC(OCC)C(C)CC,1
CC(C)=CCCC(C)CC(C)C,1
CC(C)CCCC(CC(C)C)OCC(C)C,1
CC1C=CC=C(O)C1,1
CCCCC(=O)CCCCCC1CCCCC1,1
CCCC1C=CC(O)CC1,1
CC(C)CCCCCCC(C)C,1
CC(C)=CC(=O)CC(C)C,1
CCC(C)(C)Cc1ccccc1,1
C=CCCC(C)CC,1
CCC(O)CC(C)C,1
CC(N)C(C)c1ccccc1,1
CCC1=C(OC(O)C(C)C)C=CC(CC)C1,1
C=C(C)C1(O)CCC(C)CC1,1
CCCCCCOC(C)CC,1
CCC(C)CCCC(C)=CCO,1
COC1C=CC(C)O1,1
CC(CC(C)C(C)C)c1ccccc1,1
CC(C)c1ccccc1,1
CC(C)CC(O)C1=CCCC=C1N,1
CCC(O)C1=NC=CC1,1
CC1CCCC(c2ccccc2)C1,1
CCC1C=CC(C2CCC(C)O2)=CC1,1
CC(C)C1C=CCC1,1
C=C1CC(C)C2CC13C(=CCC3C)C2(C)C,1
CCCCCOC,1
CC(C)CC(C)(C)C1CCCC1,1
CCC(C)C1=CC(C)CO1,1
CCC(C)CC(C)C(C)C,1
CCCCCCC(C)CCC,1
Cc1ccc(C=O)cc1C,1
CC1CCCC1C,1
CC(C)CCC1CCCC1,1
CCC(C=O)=CC1C=CCC=C1,1
OC1C=Cc2ccccc2O1,1
OC1C=CC2=CCC=CC2C1,1
CCC(C)C(C)C1=CC=CCC1,1
CNC1CCCC1C,1
CC(C)CCC1C(C)CCCC1(C)C,1
CCCC(=O)C1N(C)CCCC1(C)C,1
CC1CC(C)C(O)C1,1
CC(C)=CCCC(C)CCOCO,1
CCSC=CCCS(=O)OO,0
CC(=O)C1CCCCC1,1
CC1=CC(C)CC(CCC(C)C)C1,1
COC1=CC(C)C=C1,1
O=C1C=CC=CC1,1
CC(=O)C1C=C(C)OC1C,1
CCC1=CCC(C)O1,1
CCCCCCOC(C)O,1
CCCC1C=CC(OC)C=C1,1
CC1=CCC(c2ccccc2)C=C1,1
CCCC(=O)CC1=CSCO1,0
CC(O)CCCC(=O)CCCC1=CCC=C1,1
CC1=CCC(C)C(C(C)O)C1,1
CC1CCOO1,1
CCCCCC1CC(C)C(C)C1,1
CCCCC(CNCC)CC(C)C,1
CC=CC(C)CCC1=CCCN1,1
O=C(O)CCCCO,0
CCCCC(=O)OCCCC1C=CC=CC1,1
CCC(C)CC(C)CC,1
CC(O)C(=O)c1cccnc1,0
C=CC(CCCCC)CC(O)C(C)O,1
CC(CC=O)CC1=CC=CC1C,1
CCOCC(C)C,1
CCCCCCCCCCC(C(C)O)C(O)OCC,0
CCCCCCNC(=O)CCCC,1
CCCC(=O)CCCC(C)C,1
COC1C=CC=C(C)C1,1
CCCCCCC1C(C)CCC1C(=O)CS,1
CCCCCCCC(C)CCc1ccccc1,1
C1=CC2(CC1)CC1CC2C2=CSCC21,1
CCCCCC(C)CCCC(C)C,1
CC(C)C,1
C=C(C)C(C)C(C)C(C)C(C)(C)C,1
CCC1C=C(C)CC1,1
CC(C)OC(C)c1ccccc1,1
CC(C)(O)CC=O,1
CCCC(O)CCc1ccccc1,1
CC(C)=CCOC(C)C,1
CCCCCCNCC1CCCC(=O)O1,0
CC(C)CC(=O)C(O)C(C)O,0
CC1CC=C(O)C(OCO)C1,0
COC(=O)C1CC=CCC1C,1
CCCC(CS)CC=O,1
C=C(O)C(C)CCC,1
COCSC,1
CCCCC1CC(C)CCO1,1
CCCC(C)OCc1ccccc1,1
CC(=O)CCCC1CCC(C)C1(C)C,1
CC(=O)CCCC(C)COCC(C)C,1
COCCCC1C=CC(CC(C)C)C=C1,1
CCC1=CC(CC)NC1C,1
CCC1C=CC(CC2C=C2)C=C1,1
CC(O)C=CC(C)O,1
CS(C)(N)O,0
CCCC(C)CC(=O)OCC,1
CCCCC(C)CC(C)CCCC,1
CC=CC(C)S,1
CCCCCCCCCCC(=O)CC,1
CCC1C=CC=C(C=O)C1,1
CC(C)C1=CCC(CO)C=C1,1
C=CC1=CCC(C(=C)C)CC1,1
C=CCCC1CCC(C)(C)C23CC4C=C2C13C4(C)C,1
CCCCC(C)CCCC(C)N,1
CC(C)C(C)CC(C)C(C)O,1
CCC1CCC(O)O1,1
CCC(O)Oc1ccc(C)cc1,1
C=C(OCC(C)C)C(C)CCC,1
C=C(C1=CCC=C1)C(C)C,1
C=CCCC(=O)CCC,1
CCCCCC1=CCCC1,1
CC=CC1=CC(O)C(OCC)CC1,1
CC(C)C1CCCCC1(C)C,1
O=C(CCC1C=CC=CC1)C1=C(S)CCC=C1,1
CC1=CC=CC1CCCC=O,1
COC1=CC2C=CCCC2=N1,1
CCC1=NCCCC1,1
CC1CCCC(C)(C)C1CCC(O)O,1
CC(C)C(C)c1ccccc1,1
CCC(C)OC(C)(C)C1CCC(C)CC1,1
CCC(=O)CCc1ccccc1,1
CCC1=CC=C(CCC(C)O)CC1CC,1
CC12C=CC3(CCC1)C1(C)CC1CCC23C,1
CCC(O)SC,1
C=C1CC(C)C(CCNCCC)O1,1
C=C(CCC1C=CC(CC)C(OC)C1)OCCc1ccc(CC)c(OC)n1,0
CC1CC(C)(C)CC(C)C1C,1
CCC1=CC=C(C)CC1,1
CCCCCCCC(=O)c1ccccc1,1
CCOC(C)Cc1ccccc1,1
CC=CC1C=CC(OCc2ccccc2)=C(NC)C1,1
C1=Cc2ccccc2CC1,1
CCC(CC)C(=O)CCOC,1
CCCOOOC,0
CC(=O)C1=CC(C)CC1,1
CCCC1=CCCO1,1
CC(C1C=CCC=C1)N(C)C,1
CCC=CCCCCCCO,1
CCC1C=C=C(C)O1,1
CCCC(=O)CCC(C)CC(O)CCC,1
C=C(CCC)OCCCC,1
OCC1=CCC=C1,1
SCCC1=CCCC=N1,1
OC1CCC(CCS)C1,1
Cc1ccoc1C,1
CCCCCCC(O)O,1
CC=CCC(=O)OCCOC,0
CC(O)C1CCC=N1,1
CCCC(C)CC(C)O,1
CC=CCCCCCCC(C)CCC(C)C,1
CC(=O)C1C(C)=CC(C(C)(C)O)=CC1C,1
CCC1CC(C)C(O)C1O,1
CC(C)CCC(O)CC(C)C,1
CCC1CCCC(CC)C1OC,1
C=C1CC2CNC1C2(C)C,1
CCCCC(CCC)CC(=O)OCC,1
CCCOC(C)C,1
O=CCCCSC1CCCCS1,0
CCCCC(=O)C(C)(C)O,1
COC(=O)CC(C)OC,0
CCCCCCOCC,1
CC1=NC(C)SC(C)C1,1
CCCC(CC(C)=O)CC(C)CC,1
CC1=CCC(C)(C)CCCC(C)CCC1,1
CC1CCC(C)C1,1
CCCCCCCCSCC,1
CC(=O)C1CC(C)OC1C,1
CC(C)C(C)CO,1
CCC(CC)CN(C)C,1
CC=CC=CC(C)OCCCCCC,1
CCCCCC1CCC(C(C)C)CC1,1
CCOC(CCC(C)C)C(C)C,1
C=CCC(C)C(C)O,1
CC(C)C(C)Cc1ccccc1,1
CCCCOCCCCC(C)C,1
C=C(OCC(C)C)C(C)C,1
CNCC(C)C(C)CC(C)=O,1
CCCC=CC(=O)CCCC,1
CC1(S)C=CC2(CCCCC2)OC1,1
CCCCC=CCC(C)OCC,1
CCNCCC(C)CCCC(C)C,1
C=C(C)CCCC(C)O,1
CC(=O)OCO,0
C=C(C=C1CCOC1)CC,1
CC1OCCC1CCO,1
CCCC(=O)CCC1CCCCC1,1
CCC(C)C=C(C)C,1
C=C(O)CCCCCCCCCCCCCC,1
CCC1C(=O)C(C)CC1C,1
COCCCCCCCCC(C)C,1
Cc1ccc(C)c(C)c1,1
C=C(C=CCCC)CC,1
CC(C)c1ccccc1C(C)C,1
CC(C)CCCC(C)CCCC(C)O,1
CC(C)=CCCC(C)CC1CCCC1,1
CCCC(C)C1CC=C(C)CC1,1
CCOC(C)C(C)(C)CC,1
CC1=CC=CC2CC(C)C(C)C12,1
C=C(CCC)C1C(C)CCCC1(C)C,1
CC1=CC(CC(C)CC(C)C)C(C)=C1,1
C=C(CCC)CC(O)C(C)OCO,0
CCCCCCCCCC(=O)COCC,1
CCC1=C(O)NC=C(CSC)C1,0
CCCOC(=O)COC(C)CC,0
OC1=CC(C(O)S)=CC1,0
CC1C=CC(OCCO)=CC1,1
CCC1CCCC1CC,1
CC1CCC2=C(N1)C(C)OC2C,1
C=C(CC)CC(C)(C)C,1
C=CC(C)=CC,1
CNCC1CCCC=C1O,1
CC(C)=CCCC(C)CCCC(CCCC(C)CCCC(C)C)Cc1ccccc1,0
CSCCCC1=CC=C(C)C1,1
C=CC1=CC(CC)C(O)C(OC)=C1,1
CC1CCC2CC1CC2(C)C,1
O=CCCCCCCCO,1
CC1CCCCCCCCCCOCCCC1,1
CCc1ccc(NC)cc1O,1
CCCCCCCC(O)CCC(C)=O,1
CC(C)C1CCC(C)C23CCC(O)(S)C2C13,1
C=CCC(C)C(O)O,1
CCCC(CCO)CC(C)C,1
CC(C)CCCC(C)CC(C)C,1
C1=CC(CCCC2=CCCCC2)=COC1,1
CCC(C)CC(C)C,1
C=C(CC=CCC)OCCCCCC,1
CC1CCC2CCCNC12,1
CCC(CC(S)CCCC(C)C)OC,1
C=CC(C)CCC1OC1(C)C,1
CCC1=CC2CCCC2C=C1,1
OCCCCO,1
CCC(O)C(C)O,1
CCCCC(C)CC(C)=O,1
CCCC(O)C(C)(O)c1ccccc1,1
CC1SCCC(C)(C)S1,1
CC1CCC2C(C)CCC2C1,1
CCC(C)C(=O)CCCC(C)CCC=C(C)C,1
CC1CC=CC2=C1C(C)C(=O)O2,1
CC(C)(N)C1CCC(CC(O)CS)CC1,0
CC(CCS)OCc1ccccc1,1
CC1=CCC(C(C)C)C(C)C1,1
CC1=C(C(=O)CCC=O)CC=CC1,1
CCCC(OSC)C1C=CC2CCOC2=C1,0
CCCCCC(O)C(C)CCCC,1
CCCC(C)SC,1
C=C1CCC(C)C1,1
CCC(C)OCCS(C)(C)C,1
C=C(CCC)CCCCCCCC,1
CCC1CCCCC1,1
C=CC1(C)CCC(C(C)C=O)C1,1
CCCC(CC=O)OC,1
CC(C)C1=CC(C)C(C)C1,1
C=C1CC(C(C)C)CCC1C,1
CCC=CCCCCCCCO,1
CC1SC2(CC1N)C(C)CCCC2(C)C,1
CC1C=CCCC1O,1
CCC1CCCOC1(CC)CC,1
CC(C)C(=O)C1CCCC1,1
CCCC(=O)CC(C)O,1
Sc1ccoc1,1
C=CC(C)C,1
CC(=O)CCC1=CCC=C1,1
COC(C)C1CCC(C)CC1,1
CCCC(=O)CCC(O)C(C)CCC,1
CCCC1C=CC(C)CC1,1
CCC(C)CC1C=CC=C1,1
CCCCCCCCC(C)O,1
CC1CCC2=CCCCC21,1
CCCCCCC(=O)NOCCC,0
CCC(=O)CC(O)C=C(C)C,1
OC1CCCC1C1CCCC1,1
CCCCCC(C)CC,1
CCOC1C=CC(C=O)=CO1,0
C=C(C)CC1CCCCC1,1
CC=CCCCCCCCCC,1
C=C(CCC)CCC1=CC=CC1,1
CCCCCC(C)CC(C)C,1
C=C1C(C(C)C)CCC2(C)NC12,1
CCCCCCCCC(=O)C(O)CC(=C(C)C)C(C)CC,1
CCCC(S)CCC1CCCO1,1
CCCCOCCC,1
CCOC1CCC=CC1C,1
C=CC(C)(O)CC(C)=CCC,1
CC1CCCC(C)(Sc2ccccc2)C1O,1
CC1=CC(S)SC1,1
CCC(C)C(C)CC(C)C,1
CC(=O)CC1CCNC1,1
CCCC(C)c1ccccc1,1
CC(C)CC(=O)CCC=O,1
CC(C)CCCC(C)CO,1
CCC(C)c1c(C)cc(O)c(C)c1C,1
C=CCC1=CCCC(SC)=C1O,1
COC1=NC=CCC1,1
CCCCCCCCCOO,1
CCSCC(=O)C(C)CC(C)(C)CC,1
CC(C)CC1CC(C)C(C)O1,1
CCCCC(CCC(C)C)OCC(C)C,1
CCCC(CC(=O)CC)OC(C)O,0
C=CC1CC(C)OC1C,1
CCCC(C)C(S)CC,1
CC1CCC2C(C1)C(C(C)C)CCC2(C)C,1
CC(O)C1CCCS1,1
COCCCCCCCC(C)O,1
CCCCCCCCOC(C)CC(C)C,1
CC1CC=C(C(C)O)C(C)C1,1
CC1CC(C)C(O)C1C,1
CCCC1CC(C)C(N)C1,1
COC(C)C1CC=CC=C1C,1
CCCCCCCCCCCCSC(C)C(C)C,1
Oc1ccccc1C(O)CCCCc1ccccc1,1
CC1(C)C2=CC1CCC21CC1,1
COC1=CCC(C)C=C1C,1
C1=NC=C(CCCc2ccccc2)C1,1
CC1CC2CCC1C2(C)C,1
CCCOc1ccccc1,1
CC(=O)CCCC1(C)CCC(C(C)C)C1,1
C=CCC=C=O,1
CCC(CO)CCC1CCC(C)C1(C)C,1
CCCCCCC1CCC(O)C1,1
CCCCCOCC(C)C,1
CC1C2CCC3C2C(C)(C)CCCC13C,1
CCC1CCCCC1CN,1
CCCCCCCC(O)c1ccccc1,1
CCCC1CCCC(C)S1,1
CC(C)CCOC(CCC(C)O)C(C)C,1
CCOC1CCCC=C1CC,1
CSC1=S(C(C)C)C=CCC1,1
CC1CCCCCCCCCCCCCC=CO1,1
C=CCCC1CC2CC1C1CCCC21,1
CC(O)CC1C2(C)C=C(CC2)C1(C)C,1
C=C(CC)C(C)=CCC,1
CC1=CCCC(C)CCCC(C)CCC1C(C)C,1
CC(C)CCCC1C=CC=C1,1
CCCC1CC=C(C)C1(C)C,1
CC(C)CCCC(C)O,1
CCCOCC(C)=O,1
CC12CCCC(C)(CC1)C2=CO,1
OCCCc1ccoc1,1
CCCCC(C)C(C)(C)CC(O)CC(C)C,1
C1CN1,1
CCC(C)CCC(C)C,1
CCC=CCC(C)CC,1
C=C(O)CCCC(C)C,1
CCC1=C(CO)C=CCC1,1
CCC(C)CC(C)c1ccccc1,1
C=CCc1ccc2c(c1)CCC2,1
CNSCC1CC=CO1,0
CCC(C)C1C=CCC1,1
CCCC(CC)COC(C)C,1
CC(C)OC(C)C(C)C,1
COC1=C(O)C=CC(C(O)C(C)O)C1,0
CCCC(=O)CCCCC1CCCCC1,1
CCCCC(C)CC,1
CCCCCCCOC(O)CC,1
CCCCCCC(=O)c1ccccc1N,1
C=C(C)C(CC)CCCC,1
CC1=CC(C)C(C(C)(C)S)CC1,1
CCCC=CC1CCC(C)OO1,1
Cc1cccc(CO)c1,1
CCC(C)C1CCC(C)CC1,1
Cc1ccc(C(C)O)nc1C,1
CC1CSC(C(C)C)C1,1
CC(C)CC1=CCC=C1,1
OC(CCc1ccccc1)C1C=CC=C1,1
CCC1(C)CCC(C)(S)C(C(C)C)C1,1
COC1C=C(C)CC=C1O,1
CC1CSC(C)C1,1
CCC1C=C(C)C=C1C,1
COC1C=C(CCC=O)CN=C1O,0
C=C1CCCC(C)O1,1
CCCCCCC(O)Cc1ccccc1,1
CCCC(C)(C)C,1
C=C1CCC(C(C)C)CC1,1
CC(O)C1C=CCCC1,1
CCC1=CCC(C(C)C)CC1,1
CC1CC2CC(C1C)C2(C)C,1
OC=CCCCCOS,0
O=CCC(O)CCc1ccccc1,1
C=C(C)C1CC(C(C)C)CCC1(C)CC,1
CC1CC(C)OC(C)O1,1
CCN1C=NCCC1OC,0
CC1C=CC=C(O)C1C,1
CC1C=CC(C)C1,1
CCCCCCCCCC(C)CCCC,1
COC1CCC=CC1CCC(O)O,0
C1COSOCO1,0
CNc1cccc(CO)c1,1
O=C(CCCc1ccccc1)C1C=CCO1,1
CC(C)C1C=CC=C1O,1
CC(C)=CCCC(C)CC(C)CC(C)C,1
C=C(C)N1C=COC=C1,1
CCCCCCC(O)CCC,1
CC(C)CCCCCc1ccccc1,1
C=CC(S)CCCC,1
C=C(C)C1=CC(CC)NN=N1,0
CCC(CC)SC,1
Cc1ccc(C)cc1,1
CC=CCCCCC(C)C(C)C,1
CCc1ccc(OC)c(C(C)(C)C)c1,1
O=C1C=CCC1,1
CC1CCOS1,1
CCCCCOCCCC(=O)O,0
CCC(C)(S)CCC=C(C)C,1
CCCCCC1=CC=C(C)C1,1
CC(C)CCSC(O)C(C)C,1
Cc1occc1CC(C)C,1
CC(O)OC1CC(C(C)C)CCC1C,1
CCCCCC(Cc1ccccc1)C(CS)OC,1
CC1C=CC(CC(C)C)=C1,1
CCCCCCC1=CCCC=C1,1
O=CCCC1=CCOC=C1,1
C=C(C)C1CCC(C)C(OC(=O)CC(C)C)C1,1
CCCCCCCCOCCCCOC(C)O,0
C=CCOC1=CCC(C)C=C1,1
Cc1ccccc1CCC(C)O,1
CCCC(C)(C)CCC,1
CC(C)CC(C)OCCCO,1
COC(C)CC(C)C,1
CC1COC(O)C1,1
CCCCCCC1=CC(C)CC=C1,1
CC1CC(CC(O)C2CCCC2C)CC(C)(C)C1,1
CCOC(=O)C1(CN)CC1(C)c1ccccc1,0
CCC(CC)CC(C)CCC=C(C)C,1
Oc1ccccc1C(O)O,0
CC1CCC(C(C)C)C(C=O)C1,1
CCC=CCCCC(C)C(C)O,1
CCCOc1ccc(C)cc1,1
CCNC(O)C1OC=CO1,0
CCCC(=S)CC,1
CCC(C)CC(C)CCCOC,1
CC1CCC(S)C1,1
CCC1C=CC(OC)CC1,1
CCC(OC)c1ccccc1,1
CC1CC=CO1,1
CC(C)CCC(C)C,1
CC(CCCCc1ccccn1)CCc1ccccc1,1
CCC1CCC=C1C,1
C=C(C)CCCC(C)CCCC(C)CC,1
CCC(O)S,1
CC(=O)CC(C)(O)O,0
CCCCCCCCCCC(=O)C(C)C,1
CC=CCCC(CCC)OOC,1
C=CC1(C)CCC(C(C)(C)CCC=C(C)C)C1,1
CC1CC(C(C)O)CCS1,1
CC1C=CC2(C1)C(C)CCCC2(C)C,1
CCCCCCCCCCC(O)CCCCCCCC,1
CCC=C(C)C,1
CC1CC(c2ccccc2)CO1,1
CCC1CC(CC(C)C)CC1C,1
COC1CCC(CS)CC1OC,0
CCOCCCCCC1CCCC(O)C1,1
COC(C)(C)C1CCC(C)CC1,1
CCC1=NC=COC1OCS,0
CCCCCC(O)CC=O,1
CCOC(C)CCC(C)=O,1
CC(C)SCO,1
C=C1CCC(C(=O)O)C1,1
CC(C)=CCCC(=O)CC(C)C,1
C=CCCCCC,1
CSNc1ccccc1,1
CC(O)CC(C)CC(C)(C)C,1
CCCCCCOCCCC,1
CCCCCC(=O)C(C)C,1
CC1CC(O)CC1=O,1
CC1=CC(C)CCC1,1
CC1=C(OC(C)C)CC(CO)=CC1,1
C=C=NC(C)C,1
CC1COC(C)(C)C1,1
CCCC(OC)c1ccccc1,1
C=CCc1ccc(C)cc1,1
CC1CCCC1CS,1
CC(C)C(=O)OC1C(C)CCCC1C,1
CCC1CCC(OC)C(OC)C1,1
C=C(CN)CCCCCCCCC=S,1
CCc1ccccc1,1
CCC(C)c1ccccc1OC,1
CCCCCC(C(C)=O)C(S)CCC,1
CCCCCC(C=O)CC(C)C(C)C,1
CC(C)C(C)CCC1=CCCC1,1
OC1COC2=C(OOCC2)S1,0
CCCC=CCNC(=O)C(C)CC,1
CCCCCCCC(O)Cc1ccccc1,1
CCCCCC=C=N,1
CCC=C(S)C(C)=O,1
CCCCCCCCC(=O)CCCCC,1
C=CCCCC,1
COC(O)c1ccccn1,0
CCCC(=O)C(C)CS,1
C=C(CCCCCCCCCCC)OCC(C)C,1
CCCCCCCCC(CCC)CSC,1
CCCCC(C)c1ccccc1C,1
CCCC(O)C(CC)Cc1ccccc1,1
C=C(CC)c1ccccc1,1
C=C(C)CC(C)OC(C)C(C)C,1
C=CCSCSCCC,1
CCCC(C)C(C)C(C)S,1
CCOC(=O)CO,0
CCC1=CCC=C1C,1
CC1CCCC(C)COC(C)(C)CCC1,1
CC1=CC(CC(C)(C)CS)=CCC1,1
C=CCCC,1
CCCCC(O)CCC1CCCCC1,1
CC(C)C1=CC=C(O)CC1,1
CCC1C=CC(COC(O)Cc2ccccc2)=CC1,1
C=C1CC2CCC1(C)C2(C)C,1
CC1CC(=O)C(C)(C)C12CCCCCC2,1
CC(=O)C1CCC(=O)C1,1
CC1=NC=COC1,1
CCOC(=O)C1=CC(OC)=C(O)CC1,0
CCC1C=CC=C(NC)C1CC,1
CCCCCCCCCC(=O)CCC(C)C,1
CC(C)=CCCC(C)CCCCO,1
CCCCCCCCCCC(C)C,1
CCCCCCC1CNC(CC)C1,1
C=C1CCCC(C)(C)C1CSC(C)=O,1
CCCC(C)CCCc1ccccc1,1
CCCCCC(=O)C1C=CC=C1,1
CC(O)CCCCCC(O)S,0
CCC1=CC(C)C(C)=C1,1
CCC1CCC(C(C)=O)CC1,1
CCCCCC(O)CCOC,1
CCC(C=O)CCN,1
C=CCCC(C)CCCC(C)C=C,1
C=C(C)C(O)CCCCC,1
CSC(O)CCC1CCCC=C1C(C)(C)C,1
C=CC(C)CC,1
CC1=CCCN=C1C,1
CCC(C)C1OCCC1C,1
CC(C)C1C=CC(CC=N)=CC1,1
CCCC1CCCC(C)O1,1
CC(CCO)CCO,1
CCCC(C)COCCCCCCCCS,1
CCCC(O)C=C(C)CCC=C(C)O,1
CCCC(C)CC(C)C,1
CCCCCC=CCCCC=CC=O,1
CC(C)C(C)C,1
CCC(C)(C)OC,1
C=C(NC)C(C)CS,1
CC1CC1,1
CCCCC(C)OC1=CC=CCC1,1
CCCCCCCC(=O)C(CC)CC,1
COC1=CC(C2CCC(C)C2)C=CC1O,1
CC(C)CC(=O)C1CC=CCC1N,1
CCCC(O)CC1C(C)CCC(C)C1C,1
CCCCC(C)C,1
CC1CC(C)SC(C)O1,1
CCC1CCC2=NC=CNC21,1
C=CC(C)(C)CCCC(C)CC,1
C=CCCC(C)c1ccccc1,1
CCCCCC(C)OCCc1ccccc1,1
CCCC(=O)CCC1(C)CCC(C)C1,1
CCCC(O)c1ccccc1C,1
CCCC(=O)CC(C)CC1C=CCC=C1,1
CCC(C)OO,1
CCCC(C)CC(C)c1ccccc1,1
CCCC(C)C(=N)O,1
CC(C)CC(C)CC(C)C,1
Cc1ccc[nH]1,1
CC(C)CCC1CCC(C)(C)C23CC4CC2C13C4(C)C,1
CSCCC(C)O,1
CCCC(C)CCS,1
C=C(C)OC1CC(C)CC(C)(C)C1,1
COC1C=C(C)CC1C,1
CC(=O)CCC1CCCC(C)C1(C)C,1
CC1CC(C)(C)C(O)C2(C)CC12,1
CCC(S)CCC(O)C1=C(C)CC=CC1,1
CCCCCCC(=O)Cc1ccccc1,1
CCC(C)OC,1
C=CC(C)(C)C=CC1=C(C)CCCC1(C)C,1
CC1=CC(=O)CC(C)(C)C12C=CC(C)C2,1
CC(C)(O)Oc1ccccc1,1
CCC(C)C(=O)CC1CC2C=CC1(C)C2(C)C,1
C=C(C)C1CCC2CC(=O)CN(C)C2(C)C1,1
C=C(CCCCC)CCC(C)CCC,1
CC1=CC(C)C(C)=C1,1
CCCCCCCCCCC(=O)CCC,1
COc1nc(C)ccc1C,1
CC(O)CCN,1
CC1(C)CCCC(C)(O)C1O,1
CCC1CCC(C)CO1,1
CC=C(C=O)COC,1
C=C(C)OCCC(=O)c1ccccc1,1
CC(=O)C1CCC(C)CC1=O,1
CCCCC(=O)CCC,1
CCCC(O)CCN,1
CC(=O)C1CC(C)C=C1C,1
CC(C)C(C)C(C)O,1
COCCCCC1CCCC(C)O1,1
OCC1C=CCCC1,1
CC1CCC(O)C1,1
CC1CCC2(O1)C(C)C=CCC2(C)C,1
CCCC(=O)OC(C)(CCC)CCC,1
CCN(C)c1ccc(C)cc1,1
C=C(C)C1C2CC(C)(C(C(=O)OC)O2)C1C,0
CCC1CC=CC1,1
CCCC(C)C(CC)Cc1ccccc1,1
C=CC(CC)CCCC,1
CC1CCCCCCCCCCCCCCC1,1
CC(=O)OC1=CCC(CCC(C)C)C=C1,1
CC1CCC(O)C1O,1
C=CC(C)NCCC(C)CCCC(C)S,1
CCC=CCC=CCCCCCCCCCCC(C)N,1
C=CCC1=CC(C2CC(CCC)CC=C2O)C(C)CC1,1
CCCC=C(C)CCC=C(C)C,1
C=C(CC)CCCC(C)(C)CC,1
CC1COC(c2ccc3c(c2)NCC3)O1,0
C=C(CC)CCCC,1
C=CC1=CC=CCC1,1
CCc1ccoc1CC,1
C=C1CC(C)CO1,1
CCC1=NC(CC)C=C1,1
CCCCCCCCCCCCCC1CCCC(C)O1,1
CC(C)=CCCCO,1
C=C(CCCCCCCC)OCCO,1
CC(C)CC=CCCC1C=CC=CC1,1
CCC(OC(C)O)C1=CCC(OC(C)=O)CC1,0
CCC(=O)C1=C(CCCCc2ccccc2)CCC=C1,1
C=CC=CCCCCCCC,1
CCOc1ccccc1CC,1
COC1COC=CC1CO,0
CCNC(=O)CCc1ccccc1C,1
CCC(=O)c1ccccc1NCCCCCCCCO,0
C=C(CCOC)c1cnccc1N,0
Cc1cccn1CCc1ccoc1O,0
OC1CCCCO1,1
CCCC1CCCC(C)(CC(C)C)C1,1
CC1C=CC(C(C)C)CS1,1
C=C(C)CCC(C)CCC,1
COC(O)C(C)(O)O,0
C=CC1CCCC(CCCC(C)C)C1,1
CC(C)CCCC(C)OCOC=O,0
CCCCCC1C=CC=C1,1
CCC=C(C)C(C)CCCCC,1
CCCCCC(O)CCCCC,1
C=CCCC1C=CCC1,1
CCCC(O)C(=O)OCC,0
CCCCC(CC)C(O)CCC,1
C=CCCOCC(C)C,1
CC1CCC(c2ccccc2)S1,1
CCSC1=CCC=C1C,1
C=CC1C=C(CC)C(O)=C(OC)C1,1
CC(C)(C)C,1
C=CCOCOOOCCCC,0
CCCC1=CC(OC)C(OC)C(CC)C1,1
C=CC(CCCC)Cc1ccccc1,1
C=C(CCCCC)CC(C)C,1
C1CCC2OCCCC2C1,1
CC1C=CC(c2ccccc2)CC1,1
CCc1ccc(C2CCc3ccc(O)cc3C2)cc1O,1
CC(C)=CC1CCCC(C)C1,1
CCOC1=CC=C(C)CC1,1
CCCCCC(O)OCC,1
CCCc1ccc(CC)cc1,1
COC1CC(C)=CC1C,1
CC1=C(C)C(O)C(C)C=C1,1
CCC1=CC=C(O)CC1,1
CCC(O)CCCCCOC,1
CC1=COC(C(C)C)CC1,1
CC(C)C1=CCCC(CCO)=C1,1
COc1ccc(C(=O)CCO)cc1,0
CCCC1CCCC=C1CC,1
CC(C)C1CC2C(C)CC1CC2CO,1
CC1=C(O)C(O)CC1C,1
CC1=CC(C)=C(N)C(C)C1,1
CC(C)C1=CC(O)C(C)CC1,1
CCCCCSCCCCCC=O,1
CCCC1CCOC1,1
C=CC=CCNCCCCCC,1
CC1CCCC2=C1C=CCC2,1
CC1CCOC(C)C1C,1
CCCC(C)CCCC(C)(C)C,1
Cc1cccc(CC(C)C)c1,1
CCC(CC)CC(C)CCCC(C)C,1
C=C(C=CC)OCCC=CCC,1
C=Cc1cc(CC)c(C)c(OC)c1,1
CC1CCCC(C)(C)CC1=O,1
C=CCCOC(C)CCCC(C)C,1
CC(C)=CCCC(=O)C(C)C,1
CCCCCCCC1CCCC1O,1
CCCC(C)CC(C)C1CCCCC1,1
CCC(C)CCCC(C)C,1
CC(O)CCCOc1ccccc1,1
CCC(C)CCC=C(C)C,1
CC1CCNC1,1
CC1CCCC1CCCCCCS,1
CC(C)C1C=CC(CO)CC1,1
COS1=CCC(C)C=C1,1
CC1CCC=C2C=CC=CC21,1
CC(O)CC(C)C(O)O,0
C=C(C)C(=O)CCCCC,1
CC1CCC=C1O,1
C=COCC(=O)c1ccccc1,1
Cc1ccccc1C(=O)CCCCCCCCCO,1
CC(C)C1CC=C2C=CCCC2C1,1
CC(N)OC1(C)OCCC(C)(C)C12COC(C)C2,0
CC(O)CCC(OC(C)C)c1ccccc1,1
C=C(CC(C)C)OCCC=CCC,1
CCCCCCC1CCSC1,1
CCCCNC(O)CCCC,1
C1CCOC1,1
CCCC1=CC(C)C(C)=C1,1
CCC(C)C1CCCCC1(CC)CC(C)O,1
C=C1CCCC(CCCC)O1,1
CC(=O)C1=CC=CC1,1
CC1C(C)(C)C2CCC3C=CC=CC3C2C1(C)C,1
CC1CC=CCCCCCCCCC(C)C1,1
CC1CCC2(C1)C(C)CCCC2(C)O,1
C=C(CC)C(CC)CC,1
CC(O)CC(C)CCc1ccccc1,1
OC1C=CCCCC1,1
CCCCCCC(C)CCCC(C)C,1
CCCc1cc(CC)c(C)c(CC)c1,1
CC1CCCC(C)CCC(C(C)C)CC1,1
O=C(OCC1C=CC=CC1)C1=C(O)CC=CC1,0
CCC1C=CCOC1O,1
C=CC(O)CS,1
CC1CC=C(C(C)(C)C)CC1,1
CC1=CC(C(C)O)CC(C)O1,1
CC(O)C1C(C)OC(C)C1O,0
CCCC(C)CC(C)Cc1ccccc1,1
CCC(CC)CC(C)OCCC(C)C,1
CCOCC1=CC(C)CC1,1
CCC(C)=CCCC(C)(O)CC,1
C=CCCCCCC(C)CCC,1
CC1=CCC2(C)CC1C2(C)C,1
OC1=CCCCC1O,1
CCCCCCCCC1CCC(=S)O1,1
C=C(C)CCc1ccccc1,1
C=C(CC)OCCCCCCC(C)C,1
CCCCC(C)CCCC(C)C,1
CCc1cc(C)cc(OC)c1O,1
CCC(C)N1CCCC1,1
C=CC(C)(CCCC(C)C)CC(C)CCC,1
CC1=CC(C)=C(C(C)C)C1,1
CCC1CC(CCC(C)CCSC2CCC(NC)C(OC)C2)=CC=C1OC,0
CCCNC(=O)C(C)CC,1
CCCC1(C(C)(C)C)C=CC(C)C1,1
C=CSCC(O)C1=C(N)CCC=C1,0
CCC(C)CC(CC)CSC,1
CC(C)CC1CCCC1,1
C1=CC2CCCCC2CC1,1
CCCCOCCC(C)CCC,1
CCCCCC1=C(C)CCC1C,1
CC(C)C1CCCNN1,1
CCC(CCC(C)C)CCC(C)C,1
CC(C)C(O)CCC1C(C)CCCC1(C)C,1
C=C1CCCC(CCCCCCCCC)O1,1
CCCC(C)C(C)O,1
CC1CCC(S)CC1,1
Cc1cc2c(o1)=CCCC=2,1
CCCCCCCC(=O)CCC(C)C,1
CCc1cccc(OC)c1O,1
C=C(C)CC(C)CCC,1
CC(=O)C1=CCCO1,1
CCCCCC1C=C(C)SC1,1
CC(O)CCO,1
C=C(C)C(O)CCC,1
CC(C)CCCCCCCC(C)C,1
CCOCCCCC(C)OCC,1
CCCC1C=C(CC)C(C)C(CC)=C1,1
CCOCOC(C)C(C)C,1
CC1=CC(C(C)C)=CC1C,1
CCCC1(C(C)(C)C)CCC(C)C1,1
COC=CCC1C=CCC1C,1
CC(C)C1CC2CC(C=O)C1CC2C,1
COC(O)C(C)C,1
C=C(CC)C(S)CC,1
C=C(CCCC)OCc1ccco1,1
CC(C)C(C)SC(C)C(C)C,1
CC(C)=CCCC(=O)C=C(C)C,1
CC1CCC(O)C(O)C1S,0
CC=CC1CC=C(NCC)C(OC)C1,1
CCCCCCCSCCCC,1
CC(C)(C)C1=CCC(C=O)CC1,1
C=C(COCCC)C(C)=O,1
CCC=CCC(CCC)CCC,1
C=C(CC)C1=CCC=C1,1
C=C(O)CCCCCC,1
CC(=O)CC(CC(C)C)CC(C)O,1
CC12C=CC(C1)C(C)(C)C2O,1
CCC1CCCO1,1
CCC=CCCCCCCC(C)=O,1
OCCCCCC1C=CC=CN1,1
CC(=O)C1=CC2C(C=C1C)C(C)(C)C(C)CC2(C)C,1
CCCC(C)C(C)(C)O,1
C=C(CCC)C(C)C(C)C,1
C=C(CCCC)C1C(C)CCCC1(C)C,1
CCC(C)(C)COC,1
CCCCCC(O)CCC(O)S,0
CCC(=O)CCCC(C)C,1
CCC(=O)C=C(C)C,1
CCCCCC(O)OCC(C)O,0
CCCCCCCCCC,1
CCSC1CC=CNC1C(C)S,0
CC(O)CC1(C)CCCC1C,1
C=C(C)CC1(CC)CCCCC1,1
Cc1cocn1,1
CC=C(C)C(C)CCC1=CC=CCC1,1
CC1COCC(O)C1,1
CCC(CC)C(O)OCCC(C)CCCC(C)C,1
CC(=O)OC1=C(C)CC(C)C1,1
COC1=CC(C)=COC1C,1
C=CCC1=CC=C(OC)CC1,1
CCCCC(CC(C)C)OCCC,1
CC=CC(O)CC,1
CC1CC(C)C(C)S1,1
CCCCNCC,1
CCCCC1CCCC(C)O1,1
CC1COC(C)C1O,1
CCCc1ccccc1NCC,1
CC(C)CCCC(O)C(C)C,1
C=COCCc1ccccc1,1
CC1CCCC(C)O1,1
C=C1CC(C)CCC1C(C)C,1
C=CCCCCCCC,1
CCc1ccccc1C(=O)CCC(C)C,1
CC1=CC(N)CC(C)(c2ccccc2)C1,1
CCCC(CC)CCOC(C)O,1
C=CC(C)CCCC(C)O,1
CC(C)CCCC(=O)C(C)C,1
COC1C=CC(C(C)C)C=C1,1
O=CCCCC=CCCCO,1
C=Cc1ccc(C)cc1C,1
C1=COCC1,1
CCCC(=O)C(CC)CCC,1
CNCCC(C)Cc1ccccc1,1
CCCCCCCCCN1C=CCC=C1C(=O)NC,0
C=C=CCCCCC,1
CCC(C)COCCCCC(C)C,1
CC(C)C1CC2CC(CN)C1CC2C,1
CCCCCCC(C)OCC,1
CC(C)CCC=COC(C)C,1
CCCCCCSCOCC(=O)CCCCCC,0
CCCC(=O)C(C)C(C)C,1
CC(O)C=O,1
C=CCOC(O)C(C)CC,1
CC(=O)OC(C)CS,0
CCC(C)C(C)OCCCCOC,1
CC1CC(C)CC(C)C1,1
CCC1C=CCOC1C(C)=O,1
C=C(C=C(C)C)CCC=C(C)C,1
CC(S)CC(C)OCCCc1ccccc1,1
CC1C=CC(O)C1,1
CC1C=CC(C(C)C)C1,1
Cc1ccc(CC(C)C)c(C)c1,1
C=CCOSC,1
CCCCC(O)C1=CC=C(O)CC1,1
CCOC1CCCC1,1
CC(C)C(C)CC1C(C)CCCC1(C)C,1
CC(C)CCCCCC(C)C,1
Cc1cc(O)c(C=O)cn1,0
C=C(C)OC(C)CCCCC,1
CCC(C)(C)CCC1SC(C)CCC1C(C)C,1
CCCC(C)c1ccc(OC)cc1,1
CC(C)C1=CC(O)CC=C1,1
Cc1cccc2c1CCC=C2,1
C=CCCC(S)CC,1
CCCc1ccccc1C(C)OCC,1
CCC=CCC,1
CC(O)C1CCCC1,1
CCCCCC(C)CCC=Cc1ccccc1,1
C=C(C)CCCc1ccccc1,1
CC=CC=CCCC(O)C(C)C,1
CCC(C)CC(C)SCCC(C)C,1
C=C(CC)C1C=CC=CC1,1
CCCCOCCCCCCCCC(C)O,1
CCC(C)C1=C(OC)C=CCC1,1
CC(=O)CC(C)(C)Cc1ccccc1,1
CC1=CCCC(CCS)C1,1
CC(C)C1CCC(CS)CC1,1
CCOC(O)CC(C)C,1
CC(C)CCCOOCCC(C)C,1
C=C(O)CCCCCCCCCCCC,1
CCc1cc(CO)cc(CC)c1O,1
CC1CCC(C(C)C)C(CCC(S)CO)C1,1
C=CCCCOO,1
CC=C(C)C(O)CCC=C(C)C,1
CCCCCC(C)SCC,1
C=C(OCCC)C(C)(C)C,1
OCCC(O)C1C=CC(O)C(O)C1,0
CCC1(O)CCC(C)(CO)CC1,1
C=CCCOCO,1
CCC1=CC=C(OC)CC1,1
CC1CCC(C(C)S)C(CC(=O)CCC(C)C(C)C)C1,1
C=COC(C)CC,1
C=C(CCCC(C)C)CC1C=C(C)OCC1C(C)C,1
CC1=CCCCC1Cc1ccccc1,1
C=C(OCCC(C)CC)C(O)CC,1
CC1CCC2C1C1C(=CCC2(C)O)C1(C)C,1
CCCC(C)C(C)C1CCCOC1,1
CCC(O)c1ccc(C)o1,1
C=C(C)OC,1
CCC(C)C1CCCCC1,1
CCCC(C)C(C)C(C)N,1
OOC1=CCCC(O)C1,0
CCC(O)C1C(C)CCCC1(C)C,1
CNC(O)COC,0
C=C(CCC=C(C)C)C1CCC(C=O)CC1,1
CCCC(C)CCC,1
CCCCC1C=CC(C(C)(C)C)CC1,1
CC(O)C(O)Cc1ccccc1,1
CCCNC(C)C(C)CC,1
CCC(C)ONC(C)=O,0
CC(C)CC(C)C,1
C=C(C)CC(=O)CCCCC,1
C=C(CCCC(C)C)C1CCC(C=O)OS1,0
C=C1C2=CC3CC1CC(C2CC(C)C)C3C,1
CC1CCCN1,1
CCCCCCOC(C)C(C)(C)C,1
CC1=C(C(C)C)CC(C)C1,1
C=C(C)C(=O)OCCC,1
CCCc1cccc(C(C)C)c1,1
CC=CC(C)C1C(C)CCCC1(C)C,1
CC1=C(C)CC2(CCCOC2)C(C)C1,1
CCCC(O)C=CCCCOCC,1
CCC=CCCOC(=O)CCC1C=CC=CC1,1
CCC1CCC(O)C(CC)C1,1
CCCCCCC(C)C(C)CN,1
C=CCCCCCCCC,1
C=CCC1(O)C(C)(C)CC=CCC1(C)C,1
CCCCCCCCC(C)CCC,1
CCCCCCCCC(C)C(C)=O,1
C=CC(C)CCCC(C)(C)CC(=C)C,1
CC(C)CCCCCCCCC(C)O,1
CCCCCC(C)CCCCC,1
CCC(C)(C)CC,1
CC(S)C(=O)CCC1C=CC=CC1,1
COC1CCCCC1CC1=CC1,1
CCC(CC)CC(C)C,1
CCOC(C)C1(c2ccccc2)CC1(C)CC,1
C=C1OC(CC)C(C)C1O,1
Cc1cocc1C,1
CCOC(O)C(C)C(C)CC,1
CC1=CC=CN2C=CC=CC12,1
CCCCCC1C=CC(CC)=CC1,1
CC1CC(C)C2(CC(C)(C)CC(C)(O)C2)C1(C)C,1
CCCCCC(=O)C(C)CCC,1
CC1CNC(C)N1,1
CCOC(C)C1(c2ccccc2)CC1CC,1
C=CCCCCc1ccccn1,1
CCC1C=CCCC1C,1
CCCC1CC(C(C)C)C=CC1C,1
CCCOCCCCCC=CC(C)=O,1
CCCC(C)CC(O)CCC,1
CCSC(C)(C)CO,1
CCCOC(C)CCC(C)O,1
CCCCCNC(=O)CCC,1
C=C(O)CC,1
COC1C=CC(CO)CC1,1
CC1=CC=CC(CO)C1,1
CC(C)CCC(C)CCCC(C)S,1
CC(C)CCCC(O)C1OC=COC1O,0
CC1CCC(C)(c2ccccc2)C1,1
CCC1CC(C)CO1,1
CCCC(C)(CCC)c1ccccc1,1
CC1=CCC(C)C=C1C(C)(C)C,1
C1CSSCSN1,0
CC1=C(C)C2=CC=CCC2O1,1
CCC(CO)c1ccccc1,1
C=C(CCCCC)C(C)CCC,1
CCCC1=NCC=C1,1
CC1=CC(=O)CC(C)=C1,1
CCCCC1C=CCC1,1
CC1=CC2CCCC2=CO1,1
C=C(C)CCCC(C)(S)CC,1
CC(C)CC=C(CS)C1C=CCC=C1,1
CC1CCC(C(C)(C)C)CC2C(C)CCC12,1
OC1C=CC2CCOC2=C1,1
CCCC1C=CC(NC(C)=O)=C(OC)C1,0
CCC(C)CC(C)(C)C,1
CCCC(C)N(C)CCC,1
CC(C)C1CCC(C)C(O)C1=O,1
CCCC=CC(C)O,1
CCCOCCCCO,1
CCCCCC,1
CC1C=CC(CO)C(C)C1,1
CCCC(C)CCCC(C)CCCC(C)CCCC(C)C,1
CCCCCOCC,1
CC1CCC(C(C)(C)CC(=O)C(C)C)CN1,1
CCCCC(C)CC(C)CCC,1
Cc1ccccc1C(C)C,1
C=CCCOSSCCC,0
CC(C)=CCCC1CCCC(CO)C1,1
CCCC(CCCC(C)=O)CC(C)C,1
CC1C=COC1,1
CC(C)CCC(C)O,1
CC1CCCC1,1
C=C(O)C(C)O,1
COCCCC(C)C,1
C=C(C=CC(=O)CCC)CCC,1
COCCCC=CO,1
CSCCC1=NCC=C1,1
CCC(CO)CO,1
C=C(OSC)C(C)OC(O)CC,0
CC1CCC(C(C)(C)OC(C)C)C(=O)C1,1
C=CCC(C)(O)C1C2=CCC(C2)C1(C)C,1
CC(C)=CCCC(C)CC1CC=C(C)O1,1
CCOC(C)C=O,1
CC(C)CC1CCC(C)O1,1
CC=C1CC2CC(CC(C)C)C1C2,1
C=C(CCC)CCOC,1
CC(O)CC1=CC(C)CCC1C(C)C,1
CCC1=C(C=O)CCC1,1
CC(C)C(C)CS,1
CCCCCCCC(C)CCC,1
CCCCC(CC)CC(C)=O,1
CCCC1CCCN1,1
CC(C)C(O)C(=O)O,0
COC(C)CC(C)CCC=C(C)C,1
C=C(OCC)C(C)C,1
CCCCCCCC(O)O,1
CC(O)C(C)c1ccccc1,1
COCCCCCCCC(O)S,0
C=C(C)C1C=C(C(C)C)N=CC1,1
CC(C)CCCC(C)CSCC(O)C(C)C,1
CC1CC=CCC1OCC1C=CC=C1,1
CCCCCCC1CCCO1,1
CCC(C)C(=O)OC(C)CCC(O)C(C)CC,0
C=C1COCCC1C,1
CCCC=CCCCCCO,1
C=CCCOCCCCCC(=C)O,1
CCC1=C(S)CCCC1,1
CCCC(CC(C)O)CC(C)CC,1
CCC=CCCCC(=O)CC(C)=O,1
CCC(OC)C(C)C,1
CCc1cccc(OC)c1,1
CCCCCOCCC,1
C=C(C)CCC,1
CCCCCCC(=O)CCC,1
CNC1=CC=C(CO)CC1,1
CCCC1CCC(O)CC1,1
CCCCCCCCCC(C)CCCC1C=CN=C1C,1
CC1C=CC2(O1)C(C)CCC(C)C2C,1
CCCCCOC(C)O,1
CCCCCCc1ccc(C=CC(CC)CC)cc1,1
C=C(C)CCC(O)CCCCC,1
CCOC(C)C,1
CSC1C=CCC=C1C(C)C,1
CCCC(=O)C(C)CC,1
CCCCCC=CCCC(O)OCC,1
CCCCC1C=C(C)C=CC1,1
CCCOCCCCC(O)CCO,0
CCOCC1CCC=CC1O,1
CCCC(C)CC(C)CC,1
CCC(CC)CC,1
CC=CC=CCCCCCCC,1
OC(CS)SS,0
CCCC(CC)OCC,1
CC(C)CC(C)C(=O)O,1
CC(=O)C1C=CC=C(C)C1,1
CCC(O)CCCC(C)CC(C)S,1
CCCC(CNC)CC(C)CCCC(C)C,1
CCCCCC=CCC=S,1
CSC1CC=C(C)O1,1
CC(C)C(C)(C)CCC1CCC(C)C1(C)C,1
COCCCCOC(C)CCc1ccccn1,0
CCONCCCCCCCCO,0
CCCCCCCCCC(C)OCCC,1
COCCC(C)O,1
C=C1CCCCC1C(C)(C)C,1
C=C(OC(C)CCC)C(C)C,1
CCOC(OCC)C1C=CCC1,1
CCC=CCC=COCCCC,1
CCCCC(=O)CCc1ccccc1,1
CC(C)(CC=O)c1ccccc1,1
CCCC(=O)C(C)CCC,1
CC=CC1C=CC(CC)C=C1,1
CCCCCC1=C(C(C)CC)CCCC1,1
CCCC(C)C(C)C(S)C(=O)OCC,0
CC1CC(C)SC(C)C1,1
CC1C=C2OC=CC=C2O1,1
CC(O)C=CC1C=CC=C1,1
CC1CCCC1=O,1
CCC1C=C(C=O)CC1,1
CCC(O)C1(c2ccccc2)CC1C,1
CC(O)CC(C)C(C)O,1
CCC(C)(C)CCC=C(C)C,1
CCCC(C)CCSCO,1
C=CC(C)CCCC(C)CCCC(C)C=O,1
CCC(CC)CCC(C)CCO,1
C=CCOC(C)CCCC,1
CCCNCCC,1
CCCCCCC(C=O)CCCC,1
CCCC1CC(C)CC(C)(C)C1,1
CCCCC1(CCCC)CCC(C)C1,1
CC1CCCCC1C(C)(C)C,1
CC1C=CC(C(C)C)CC1,1
C=C1CC(C)C(=O)C(C)(C)C1,1
CCCC(C)CC(C)=O,1
CC1C=CC(=O)C1,1
C=CC=C(C)C,1
CCC=CCCCC(O)CCC,1
C=C(O)C1C=CC(O)C(O)=C1,0
C=C(C)C1=CC(=O)C(C)CC1,1
CCCOSC,1
CCCC(C)CC(=O)OC,1
CCC(C)CCC1CC=C(C)C1(C)C,1
CC1=CCC(C)C=C1,1
C=C(CCOCCC)C(C)C,1
C=C(CC(C)C)OC,1
C=C(CC)OCCCC,1
CCCC(CC)CCC(C)C,1
CC(C)OC(C)O,1
CC(C)=CNCC(C)CCCCCC(C)CCCC(C)C,1
CCCCC1=COCC=C1,1
O=C(C=Cc1ccccc1)NC1CCCCC1,1
CCC1C=CC(CC)N=C1,1
C=Cc1occc1C,1
CCCCCCC(CC)CC,1
CC1CCSC1,1
CCCCC(CC)C(C)CCC(C)CC,1
CCCC(O)OC,1
C=C(C)CCOC(C)C1(C)CCC(C)CC1,1
CC(C)(C)C1C=CC=CN1,1
CCCC(C)C(CC)CC,1
CC1CCC2=C(CCC(O)C2)O1,1
CCCC(C)C(Cc1ccccc1)C(C)=O,1
CC1=CC=COC1CC(C)C,1
CCCCCC(=O)c1ccccc1,1
CC(C)CCCC1CCC(C)C1(C)C,1
CC1=C(O)C(=O)C(O)OC1,0
CC1=CC=CC1,1
CCC(C)C1C=C(C)C(C)C1,1
Cc1ccc(C(C)C)c(CC(C)O)c1,1
C=C(CCCCCCC)OCC,1
CCSCCCCO,1
CCCC1C=CC(C)C=C1,1
C=C(COC(C)c1ccccc1)C(C)C,1
CCCC(=O)CCCCc1ccccc1,1
C=CCC1CCC(CC(=O)CC(C)C)C(CC)C1,1
C=CCCC1C(O)C(=O)CCC1(C)C,1
CC1C=CC(CO)=CC1,1
CC(C)=CCCC(C)CCCC(C)C,1
CC(C)CCOOCC(C)C,1
CCC(S)CO,1
CC1CC(c2ccccc2)CC(C)(C)C1,1
C=C(N)CCC,1
C=CC(C)(CCC=C(C)C)CC(C)OCC,1
CC1(C)C2CCC1(C)C(CC(O)c1ccncc1)O2,0
CC=CC(=O)CC(C)CC(C)C,1
C=C1CCCCC1O,1
CCCCCCC(=O)C1C=CCCC1O,1
CCCc1cccc(C(C)N)c1,1
CC(C)CC(C)(C)CCc1ccccn1,1
CC1=CC(C(C)C)OC1,1
CC(C)C1CC23CC1(C)CC(C)C2CCC3C,1
CCC1CCCC(CC)O1,1
OC1=CCC2C=CCCC2C1,1
CC(C)=CCCC(C)(C)C1=CC1,1
SC(c1ccccc1)C1C=CCC=C1,1
CCC1=CCCC=C1C,1
CC(Cc1ccccc1)OCCc1ccccn1,1
CC1OC(CCCCO)C(C)C1C,1
C=C(OC)C1CC2(C(C)C)CCC1(C)CC2,1
CCCC1CCC(C)O1,1
c1ccc(COc2ccccc2)cc1,1
CCCC(=O)c1ccccc1O,1
CC(=O)CSCC(C)CCCC(C)C,1
CC(C=O)C1CC=CCC1,1
COCCCC1CCCC1C,1
C=CCC1C=CC(CC2OC(CC)C(O)C(O)C2O)C=C1,0
c1ccc(CCC2COCO2)cc1,1
C=C(CCC)CC(C)OCO,1
CCC(=O)CC1CC(C(C)C)CCC1C,1
CC(CC(C)c1ccccc1)OO,1
CCCC(=O)C1C=CC=CC1,1
C=C(CCC)CCC1C=CC=C1,1
C=C(C)C=CCC(O)CCC,1
CCCC(O)OC1=C(C)OC(C)C1=O,0
CC=CC=CCC,1
CCCCCCCCCCCC(=O)CC,1
CCC1CCC(CC)C1,1
CCC(S)C1CCCCC1(CC)CC(C)O,1
CC12CCC(C1)C(C)(C)C2OCO,1
CC1=CC2CC(C)C(C)C2CC1,1
CC1CC(O)C(C(C)O)O1,0
CCCCCC1CC(C)C(C)=C1C,1
COCCCSC,1
CCC=CCCCCC,1
CC(CC=O)CCC1CC1(C)S,1
COCC(C)=O,1
C=C1CCC(CC)C1C,1
CCC(C)CC1=CC=CCC1,1
CCCC1CCC(C)C1,1
O=C1CCCCCCCCCCCC1,1
CC1CC(C)(C)C(O)C1C,1
CCCC(=O)C1=C(CC)C=CCC1,1
CCCCCC(C)CC(C)O,1
CCCCCC(C)OCCNCCC,1
C=C(C)COC(=C)CCC,1
CCCCCCCC(O)CCC,1
CSC1=CCCS1,1
CC(CCCS)C(=O)CCC(O)O,0
CC1CCC2C(C1)CC(C)C2C,1
CC1=CC(C)CC=C1O,1
CC(C)=CN(O)CCCC(C)CCCC(C)C,1
CCCC(C)(S)CCC,1
C=C(CCC)C(C)C(CC)C(C)C,1
CC1(C)CCCC2CC(CO)CCC21,1
CCC1OCC(C)CC1(C)C,1
C=CCC(C)CC(C)(C)C=O,1
C=CC(C)C(C)CC,1
O=CC1CCCC1,1
CCCC(O)CC(C)C1C=CCCC1,1
CCCCCCCC(C)OC,1
CC(C)CCC(=O)CC(C)C,1
CCCC1CCSC(C)S1,1
CCC1=CC(C)C=C1,1
C=C(C)C=CCC,1
CCC1CSOCC1(CC)CC,1
CCC1=C(C(C)(C)C)CC(CC)C=C1,1
CC(C)(O)O,1
CC1=C(C)C(C)=C(C)CC1,1
CC1CCC2C(C)(C)C=CCC2(C)O1,1
CCC=CCCCSC1CCC(O)C1,1
CCCC(O)C(O)C(C)O,0
CCCCC(=O)CCCC(C)CCC=C(C)C,1
C=C(NC)C(CC)CC,1
CCC(C)(CCC1=CC=NCC1)CC(O)O,0
CCCCCNCCCCC(O)C(C)C,1
CCCc1ccc(C)cc1,1
C=C(CCC)C(C)NCC,1
CCC(=O)CCCc1ccccc1,1
C=CC(CCC)OCC,1
C=CCCCOOC,1
CC(C)CC1C=CC(C)C1,1
CCCCCC(=O)CCO,1
CCC(C=O)OC,1
CCCCCCC1=CCC(=O)C1,1
C=C(CC)C1=CCC(C)C(C)C1C,1
CC=CC(C)CCCCCC,1
CCCCCCCCNC,1
CC1=NC(C)CC1C,1
CCCCCCCCC(C)S,1
CCCCOC(C)C(C)(C)C,1
CCCCCCC1CCC(O)O1,1
CCCC1C=C(OC)C(OCC)=CC1,1
CC(C)C12CCC(C)(CC1)C2,1
CCCNCCC(=O)C(C)O,0
C1=CC2NCCC2=CC1,1
CC1CCC2OCCCC12,1
CC1=CSCC(C)=C1,1
CC(C)C1CCCN1,1
CC1C=CCC(C)O1,1
CC(C)C(C)(C)O,1
CC1NOC(O)CS1,0
CC1=C(OC(C)O)CCC1,1
CCCC(C)CC(C)C(C)OCC,1
CCC(=O)C1C=C(CC)C(O)C(OC)=C1,0
CC(C)CCCC(C)CCCC(=O)C(C)C(C)C,1
CC(=O)CCC1C(C)CCC(C)C1(C)C,1
CC(=O)OCc1ccc(C)cc1O,0
CC(=O)CC(C)(C)C,1
CC(C)CCC(=O)C(C)S,1
CCCC(C)(O)CCO,1
CC(O)CSC(CC(O)C(C)C)C(C)O,0
O=C1CC=CC=N1,1
CCC1CC=C(C)CC1C,1
C=C1CCCCNCCCCCOO1,0
CC1C=C(O)C(C)C1,1
CC(S)CCC1C(C)CCCC1(C)C,1
CC(CO)C(=O)O,0
CCCCCSOC,1
CCCCC1CCCC(C)C1CC(C)C,1
CCCC(CCC)C(C)c1ccccc1,1
CCC(C)C(C)C,1
CCCCC(=O)Cc1ccc(C)cc1,1
C=C(O)CCCCCCC(C)C,1
CCCCCCCCCCOCCC,1
CCCC(=O)C(C)C(O)CC(C)=O,0
CCCC(C)CC(C)(C)C,1
CCOCCCc1ccccc1,1
CNCCCC=O,1
CCCNCCO,1
COCCSC1=COC(C)C=C1,0
CC(C)C1C=CCC1C,1
C=C(CCC)CCC=CCCC,1
CCC(C)=Cc1ccccc1,1
CCCCCC(CO)CO,1
CCC=CCCCCCCC,1
CCC(C)C(C)OCc1ccccc1,1
CCCC1=COC(O)CC1,1
CC(C)CN=C=O,1
CC(C)CCCC(=O)c1ccccc1N,1
CC(C)C1CCC(C)C(C)C1,1
CCCC(=O)CCc1ccccc1,1
CC(C)C1CN(C)CS1,1
CCCCC,1
CCCC1CC=CC=C1CNC,1
CCCCCCCC(O)CCc1ccccc1,1
CC1=CCCC=C1C(C)O,1
CN(C)C1CCC(C)(C)CC1,1
CCCC1C(C)OC(C)C1C,1
CCCC1C=CCO1,1
CCCC1=CC=C(C(OCC)SCC)CC1CC,1
CCC1C=CC(C=O)C1,1
CCCC(S)C1CCCC1,1
CCCc1cc(C)ccc1C,1
CCC1CCCC(C)C1,1
CCCC(C)c1ccc(O)c(O)c1,1
CCC1=CC(C)C(C)S1,1
CCCC(=O)CCCCC1=CCC=C1,1
C=C(C=CC)OC,1
CCC(S)C(=O)O,0
CC(=O)C1=CC(C)OC1C,1
CCCC(=O)SCC,1
CC1=CC2C(C=C1)COC2C,1
CCCCCOC(=O)O,0
C=C(C)CCC1CC=CC1,1
CCC(C)C(C)OCc1ccco1,1
C=C(C)C(C)(C)C,1
C1CCSNSC1,0
CC(C)C(=O)CCc1ccccc1,1
CS(C)(O)O,0
CCCCCC(C)C(C)=O,1
C=CC1C=CC(C)C=C1,1
C=C(C=CCCC)NCCCCCO,1
CC1CCC(C(C)(C)C)CC1,1
CCC(C)CCC(=O)c1ccccc1,1
C=CCCCCC=CC,1
C1=CC(CCC2CCCC2)CC1,1
CC1=CC=C(C=CC=O)CC1,1
CC(C)C1=C2C=CC=CC2CCC1,1
CC=CC=CCCC(C)C(C)C,1
CCC(C)CC,1
CSOCCc1ccoc1,0
C=C(CCS)C1CCCCC1,1
C=CC1CC(C)CC(C)C1,1
CCCC1=CC(NC)C(CCc2ccccc2)=CC1,1
CCCC(C)C,1
CCCC(C)CCCC(C)O,1
C=C(CC=CCCCC)C1=CCCC1,1
OCCCCCCCCCS,1
CCCC(COC)C(C)Cc1ccc(C(C)C)cc1,1
CCC(O)COC(C)C(C)CC,1
CC1C=CC2=C(C1)OCC(=O)OC2,0
CCOC(C)C(CC)CC,1
CCCC(=O)CCCCCCCSO,0
C=CCC(O)CCCCC,1
C=C(C)CC(C)C(C)OCC,1
O=C(OCCCCCCCO)C1=CC=CC1,0
CCCCC(CC)OC,1
CCC(C)CC1=CCSC=C1,1
C=CCC1=CC(SC)C(OC(C)N)C=C1,0
CCOC(C)C(C)OC(O)CC,0
CCCC(=O)OCC1=CC=C(OC)CC1,0
CCCCC(C)(CC)C(C)CCC,1
CCCC1COCCC1O,1
CCCCC(=O)CCC1C=CCCC1,1
CCOc1ccccc1C,1
CCCC(=O)CCCO,1
CC1=CCC=C1C(C)O,1
CC1CC(=O)C(C)C1C,1
CCCCC(O)CCC(C)O,1
CCC(C)(CCC(C)C)C(C)O,1
CCCc1cccc(CC)c1O,1
CCC(C)COC(C)C(C)CC,1
C=CC1=C(CC)CCCC1,1
CCCC(C)C(O)O,1
CC1=CCC(CC(C)C)C=C1,1
CCCCCCC(C)CC(C)CCC,1
C=CCOC(O)CC(C)CC(C)(C)C,1
COC1=C(C)N=C(CC(C)C)CC1,1
CCCC1C=CC=CC1C(C)OC,1
C=CCCC(=O)CC,1
CC1SC(C)C(C)C1C,1
CC1C=CC(C)C2CC(C(C)(C)O)=CCC12,1
CCC(C=O)c1ccccc1,1
CC(C)CCC1C=CC(C(C)C)CC1,1
CC(C)SC=C(C=O)C(C)C,1
CCCCCC=CC(O)O,1
CCCC(O)CCCCCO,1
COC1=CCC(O)C=C1,1
CCC(C)CCc1ccccc1,1
CCCC(=O)C1C(C)CCCC1(C)C,1
CC1=CC(C)C(S)C=C1O,1
CC(=O)C1=CCC(C)=C1,1
CCCc1ccc2c(c1)=CC(=O)CC=2C,1
CCC(C)CNC(C)c1ccccc1,1
CCC=CCCCC(=O)CC,1
CNc1ccccc1O,1
CC(C)CC1=COC=CC1,1
CC1CC(C)C(C)C(C)(C)C1,1
C=CCCCCOCCC,1
CC1CC(C)N2CCCC2C1,1
COC1CC(CC=O)=CC=C1O,0
CC1CCCC(C)(C)C1O,1
CCSCSC,1
CCCCCCCCCCCC(C)C,1
CCCCCCSCOCC(=O)OCC,0
C=CCc1cc(CC)c(C)c(OC)c1,1
CCCC(C)CC(C)S,1
O=C(CO)CCCCC1CCCCC1,1
C=C(C)C(O)CC,1
CCCCC(C)C(C)C,1
CC1CCC2C(C)(C)CCCC2(C)C1,1
CCOC(C)c1ccccc1,1
C=C(CC)CCC(C)C,1
CCC1=C(O)CCC(C=CC=O)=C1,1
CC1=CCOC1S,1
C=C(CC)C1CCCO1,1
CCCOC(O)Cc1ccccc1,1
CC(C)=CCCC(N)CCCC(C)CCO,1
CCCCCCCCCCCCC1CCC(O)O1,1
C=CC(C)(CCC=C(C)O)CC(O)SCCCCCC,0
CCCCCCCC(=O)CCCC(C)C,1
CC(C)(S)C(O)OCc1ccccc1,0
CCC(C)C(C)OC,1
CCCCNCCC(N)CC(C)C,1
CCCC(C)CNC,1
CCC=CCCC,1
CC1CCCCC1,1
CC(C)CCCC(=O)CCC(C)CCCC(C)O,1
CCC(CCC(C)C)C(C)COC,1
CC(C)CCSC(C)C,1
CC(C)C(C)C(C)C,1
C1=CCC2OCCC2=C1,1
CC(C)OCCC(O)CCC1=CC=CC1,1
C=CC=CC,1
CC(=O)OC1CC(C)OC1C,0
CC(C)OCc1ccco1,1
C=C1CCC(C)C1CC(C)CC,1
CC(C)CC(CC(C)C)OC(C)C,1
CCC(C)C(C)C(C)C,1
CCCC(C)C(C)CCCO,1
CC(C)CC1CC(C)(C)CCO1,1
CCCC(=O)C1CC1c1ccccc1,1
CC(C)COCC(C)O,1
CC1CCCCS1,1
C=CC=CCCOCC,1
Cc1cnc(C(C)O)nc1,0
CCCCC(CCC)OC,1
O=C(CCC1CCCC1)Cc1ccccc1,1
C=CCOCCC,1
CNC1C=CC(CCC(C)=O)CC1,1
CCCCCCCCCCCCCCC(C)OC,1
CC1CCCC(C)(C)C1C=S,1
CCCCCCCCC(O)CCCCCC,1
CC(O)CC1CC(C)CCC1C(C)C,1
CCCCCC(O)CC(C)C(=O)OCCCC,0
CCCC=CC(=O)COCC(C)C,1
CCCCCCCC(=O)C(CC)CO,1
CCCCCCCCCOCCO,1
CC=CC(C)CCCCC,1
CCCCC(C)C1CCCC1,1
C=CCOSCCO,0
C=CCCCCCC(C)O,1
CC(=O)COc1ccccc1,1
CC(S)C(O)CCCCc1ccccc1,1
CCCOCCC(C)=O,1
CC(=O)C(=S)CC(C)C,1
CCCC1=CCC=CC1O,1
CCCC(C)SCCOC,1
O=CC=CC1=CCC=C1,1
COC1C=CC(CC(C)C=O)CC1,1
CCCOC(O)c1ccccc1,1
CC(C)C(C)C1CCCCN1,1
CCCOC(O)CCC(C)C,1
CCOC(O)CCC1C=CCC1,1
CC1CCCC2C1C(C)(C)C(C)C2(C)C,1
C=C(CC)C1C=CC=CC1CCC(C)CC1=CCC(CC)C=C1,0
CCC=C1CC(C)c2ccccc21,1
COCCC(C)(C)CO,1
CCCCCCCC(O)CCCC,1
CCC(C)C1CC(C)C(CC)C1,1
CC1(C)CCCC2CCC(CN)CC21,1
CC(C)C(=O)c1ccccc1,1
CCC,1
CCCCCCC1CCCC1O,1
CCCC(=O)CCCCCCCC(C)CCC,1
C=CCC(C)C(C)=O,1
NCC(c1ccccc1)C1CCCCC1,1
CCC(O)C1CCCCC1O,1
CC1C=CC(CCO)=CC1,1
CC=COC,1
CCC(C)C1C=CC2CCCCC2=C1,1
CCCC(=O)CC1=C(C)CC=CC1CC,1
C=C(C)C1=CCC(C)CC1=O,1
OCc1ccccc1O,1
CCCC(C)Cc1ccccc1,1
CCC(=O)C1=CCNO1,0
CCCCCCCCCC(=O)CC(C)C,1
CCCCCCC(=O)C1=CCCO1,1
CCCCC(=O)Cc1ccc(O)cc1,1
CC1CC(C)C2(CC(C)(C)CC(C)(C)C2)C1(C)O,1
CCC(C)(C)CCCC(C)C,1
CCCCCCOC(O)CCC(C)=O,0
CCC=CCCCC(=O)CC=CCC,1
CCC(O)CCN,1
CC1CCC(C)C(C=O)C1,1
CC1=CCCCC1OC(C)C,1
CC(C)OC(C)(C=O)CCC1OC1(C)C,0
CCC1C=CC(C(C)C)=CC1,1
OC1=C(C(O)CC2CCCCC2)CCC=C1,1
CC(=O)CCc1cc(C)cc(C)c1C,1
CCCC1=CC=CCC1,1
CC(=O)CC(C)CC(C)C,1
CCCCCCCCCCCCCCCCCCC,1
CC1(C)CCCC(O)C1C=O,1
CCC(C)c1ccccc1C,1
CCC(=O)C(CO)CCOC,0
CCCCCC=CCCC(O)O,1
CCC(C)C(C)OC1C(C)CC=CC1(C)C,1
CCC(C)(CCCC(C)C)CC(C)O,1
CCCCCCCCCCCCCC(C)O,1
CCCCCCCCC(CC)CC,1
CCCOC(C)CC1C=CC=CC1,1
CC(C)C1CCC(C)(C)C(C(C)C)C1,1
CCCCC(CC)CCC(O)c1ccccc1O,1
CCCOCC(O)C=O,0
CC(O)C1=CCCCO1,1
CCCCCCC(C)(C)C,1
CCC1=C(C)CC(C)CO1,1
CC1=CC(CC(C)O)CC(C)(C)C1,1
C=C(C)C(C)S,1
CCCC(=O)CC(C)C,1
CCCCC1=CC(CC)C=C1,1
C=C(CCC)CCCC(C)CCC,1
C=C1CC(C)C(CCC(C)C)C(C)(N)C1,1
C=C(C)CC1CC2COC1(C)C2(C)C,1
CC1=C(C)COC1,1
C=C(C=CC)OC(S)CC(C)C,1
CC(C)C1CC(C)C(C)O1,1
C=C(CC)C(C)CCC(C)C,1
CC(C)Cc1ccccc1,1
CC1=NC2C=CCCC2O1,1
C=C(CCCC)CCC1CCCCC1,1
CC(C)CC(C)CCC1C=CC=C1,1
CCCC=C(CO)c1ccccc1,1
CCCC(C)CC(O)c1ccccc1,1
CCCCCC(CCCC)Cc1ccccc1,1
CCCCCCCCC(CC(C)O)C(=O)CC,1
C=C1CCC(CCCCC)=C1C,1
COC1C=CCCC1C,1
CC1=CNCC1,1
CC1=CC(OOC2CC(C)CC2C)C(C)C1,1
CC1OC(=O)C(=O)C1C,0
CCCCCCC(CC)C(=O)CC,1
COC1C=CC(C)CC1C,1
COC(C)CSC,1
CC1=NC(C)C(C)C1,1
CC(CC=O)C1=CC(C(C)C)CC=C1,1
CSCC1=CC=CC1C,1
CCc1cc(C)c(C)o1,1
C=CCOC(C)C,1
C=CC=CC=CC,1
CC1=NC(C)N(C(C)C)CC1,1
CC=CC1=CC(CC)C(SC)C(CC)C1,1
CCCCNC,1
C=CCCCCC(=C)C,1
CCCCCC(=O)NCCCC,1
CCNCC(C)CC,1
CCCCCCC=CO,1
CC(O)C1CCC2CCC=CC21,1
CCCSC1=CC(C)C(C)C1,1
CCCCCC(O)C(C)N,1
C=CC1C=CC(C(C)C)=CC1,1
CCCCCCCC(CO)OC,1
CC1CC(CO)C=CC1O,1
C=C(CC1C=CCC(C)=C1)CN1C=CCC=C1,1
C=C(CCCC)C(S)CCC,1
C=CC1=C(CO)OCCO1,0
CC1OC2C3=CC(=C2C1C)CN3C,1
CCCC1=C(C)N=C(C)CO1,1
CCCSCCC(C)O,1
CCCCC1C=CCC1C,1
CCCCCCCC(S)OC,1
CCCCCC(O)CCCC,1
CC(C)C=CCC(C)C,1
CCCCCC(=O)OC(CCCC)C(C)CCO,0
C=CC=CCCC,1
CC(CCO)COc1ccccc1,1
C=CCCC(O)c1ccccc1O,1
CCCCCC(C)C(C)CCCC,1
CCCCCCCCC(CC)C(C)O,1
CCC(C)C(C)c1ccccc1,1
CNC1C=CCC=C1S,1
CC(C)CC(C)C(C)C(C)C,1
CCCC(C)OCC,1
CCCC(C)C(O)OCC,1
CCCCOC(C)C(C)C,1
CCOCC(=O)CC,1
CCC(CC)CCc1ccccc1,1
CCCCCCC(C)CC,1
Cc1cccc(C)c1,1
CC(C)CCCC(C)CC(C)(C)C,1
CC1=CC(C)CC1,1
CC1=CCC(CCO)C=C1,1
CCC1=CC=C(C(C)O)CO1,1
CCCCNN,1
CC1CCC(CC=O)C1(C)C,1
CCOC1=CCCC=C1O,1
CCC(CCO)COC,1
CC(C)CCOC(C)S,1
CC(=O)CCC1C=CCC=C1,1
CC1COC(O)O1,0
CC(C)CCC(O)c1ccccc1,1
Cc1ccccc1CC(C)C,1
CCC(CC)CCC1CCC(C)C1(C)C,1
CCC1OCCC(C)O1,1
CC(O)C(=O)c1ccccc1,1
CCC(C)CCC1CCC(C)C1(C)C,1
CC1C=C2COCC2=CC1,1
CC(C)=CCNC(=O)C(C)C,1
CC(c1ccccc1)C(O)C1C=CC=CC1,1
C=CC(=CCCC)CC,1
C=C(OC)C(C)C,1
O=CCCCCc1ccccc1,1
CC(C)C1=CC=COC1C,1
C=C(CCC(CCCCC)Cc1ccccc1)CC(C)C,1
CC=C(C)C(O)CCC,1
CCC(O)CCc1ccccc1,1
CCCCCNCCCC(O)CCC,1
CCCCCCCCCOC(C)c1ccncc1,1
CCCC(C)CC=C(CC)CC,1
CC1CCC2C(C3C(C)CCC13)C2(C)C,1
CCOC(C)CCOC,1
CCC1CC(C)C(C)C1,1
CCC(CC)CCC(C)O,1
CCCCCC(CC)CC=O,1
CC(C=O)CCC1C(C)CCCC1(C)N,1
C1=CCCN=C1,1
CC=C(C)C(C)CC,1
CCCC1=COC=CC1,1
CSC(C)C,1
C=C(C)C1CCC(C)C(C)C1,1
C=C(C)C1CCCC1C,1
CCc1cccc(SC)c1O,1
CC(C)C(C)CCC1CCC(C)C1(C)C,1
C=C(CC(C)c1ccccc1)C(C)C,1
CC(=O)C1=CC=CCC1,1
COC(C)C1CC1c1ccccc1,1
CC1=CC(Oc2ccccc2)CC=C1,1
CCCCC1C=CC(O)CC1,1
CCCCCCCC(O)CCC(C)C,1
CCCCCCCCCCS,1
CC(C)CCCCCO,1
CC(C)C1CCC(C)(O)CC1=O,1
CC(O)C1CCCC1C,1
C=C(CCC)CCC(C)O,1
CCCC(CC(C)C)OC(C)c1ccc(C)c(C)c1,1
CC1=CC(C)C=C1,1
CC1CCC(c2ccccc2)C1,1
